year,month,day,proximity_to_bank,type,latitude,longitude
2021,4,17,1.7883311800713355,Kidnapping,0.046152,37.636054
2017,5,6,1.6105798178424429,Kidnapping,0.057119,37.64279
2016,10,21,1.3029484618509863,Robbery,0.042048,37.641086
2022,9,13,1.1489791564979555,Murder,0.046756,37.641825
2017,1,31,0.29576999719462854,Fraud,0.046675,37.654685
2016,5,28,1.1468217186664407,Kidnapping,0.056037,37.649581
2013,7,10,1.7886365081903774,Robbery,0.05849,37.641926
2023,8,10,1.0144384387649357,Burglary,0.049799,37.64383
2021,8,4,2.0651839785796064,Theft,0.060271,37.640168
2018,12,15,1.3264947748051368,Drug-related,0.056213,37.645891
2018,3,24,0.4890871644688795,Fraud,0.041768,37.650792
2019,3,24,1.3641246210697695,Fraud,0.054133,37.642917
2013,4,29,1.8234175087819136,Murder,0.059858,37.643263
2022,10,4,1.647989040269078,Burglary,0.0592,37.645273
2014,7,15,1.8350355317757427,Theft,0.057732,37.640474
2020,4,19,1.6799930669086822,Robbery,0.060712,37.648408
2023,10,28,1.2152735550403837,Assault,0.054278,37.644954
2019,4,27,2.0001554855675567,Kidnapping,0.056208,37.637295
2014,5,13,1.8147472881554798,Murder,0.058563,37.641646
2022,10,24,1.7313121621493257,Kidnapping,0.058409,37.642653
2015,4,27,1.5678494200910909,Theft,0.053211,37.64
2015,9,19,0.09568974623637905,Fraud,0.046501,37.652808
2013,4,7,2.1927742629717013,Burglary,0.059449,37.637656
2024,1,1,1.1247602377733716,Kidnapping,0.050114,37.642884
2021,6,16,0.90889887108014,Murder,0.048488,37.644341
2015,2,23,1.5070726765144018,Fraud,0.058975,37.64802
2019,8,1,1.2106292421305305,Theft,0.05575,37.6472
2013,1,23,0.7825430133356234,Burglary,0.047639,37.645283
2020,1,4,0.7482766909043791,Burglary,0.052245,37.654671
2023,4,16,1.167657674708195,Burglary,0.043204,37.641999
2015,10,20,0.9096687105799304,Assault,0.046461,37.64396
2016,3,9,1.8402884794166028,Theft,0.052746,37.637012
2018,2,1,1.610449677818008,Assault,0.057591,37.643378
2017,10,9,0.36739272073017687,Assault,0.046757,37.648908
2015,12,25,1.3116183460153612,Assault,0.054604,37.644023
2015,12,27,0.6955820082029817,Theft,0.05104,37.648399
2021,2,14,0.7929832112337315,Burglary,0.050622,37.646684
2022,6,15,1.851427386580013,Kidnapping,0.059416,37.642187
2017,10,28,2.2692883380950057,Kidnapping,0.059964,37.637193
2016,10,3,1.3859719331299865,Assault,0.041534,37.640479
2015,10,28,0.5096328546224126,Fraud,0.049768,37.649503
2015,9,15,1.442035674665035,Robbery,0.050779,37.640071
2015,5,26,0.9816984532189543,Robbery,0.051,37.644841
2017,10,6,1.4418692518011038,Theft,0.050328,37.639905
2023,3,28,0.6353047570305381,Robbery,0.0516,37.650909
2021,1,16,1.2992256161889169,Assault,0.055679,37.645523
2018,2,27,0.42272224375347334,Robbery,0.043235,37.654756
2017,4,14,1.2397745501286654,Fraud,0.053056,37.643475
2016,7,13,1.851284209228695,Robbery,0.051366,37.63637
2014,12,8,0.5103063440101865,Theft,0.050284,37.650451
2014,5,26,1.115666541815619,Robbery,0.055653,37.649251
2015,8,10,1.0220635793764257,Kidnapping,0.054015,37.647571
2020,1,6,0.8177014853629395,Fraud,0.053029,37.654354
2017,4,22,2.331643804714624,Assault,0.059715,37.636221
2014,5,3,0.9416884838420196,Kidnapping,0.043156,37.644139
2013,6,17,2.0179710361297527,Kidnapping,0.055231,37.636489
2015,3,3,1.4818074121292153,Assault,0.049681,37.639323
2015,4,22,0.4147433456408345,Drug-related,0.044511,37.648692
2015,1,18,1.1017056780666448,Burglary,0.055683,37.654387
2015,1,25,0.9509045217172659,Murder,0.052328,37.64635
2017,6,4,1.6932955923461035,Fraud,0.061038,37.654912
2014,12,11,1.7813869800994628,Fraud,0.05557,37.639256
2019,11,10,0.8940736117493987,Drug-related,0.053753,37.654347
2023,8,21,1.306198962569828,Drug-related,0.057782,37.652724
2024,2,9,1.3534668156196679,Theft,0.046744,37.639983
2013,5,23,1.7621525068731456,Assault,0.056666,37.64037
2021,2,10,1.1646567911290748,Drug-related,0.056449,37.650925
2017,9,21,0.8804782400127541,Murder,0.05327,37.648925
2016,11,30,1.2540783279153425,Burglary,0.053275,37.643488
2013,6,6,0.30019284031108356,Drug-related,0.047963,37.650271
2021,9,7,0.811950945116713,Kidnapping,0.041694,37.646199
2020,9,14,1.2315173492895328,Drug-related,0.048134,37.641263
2023,11,26,0.3533393693849959,Assault,0.04742,37.654954
2016,11,15,1.2803189693228425,Drug-related,0.057561,37.652367
2017,10,4,0.8002152461735349,Murder,0.04244,37.645851
2015,10,15,1.725803147925451,Fraud,0.059593,37.644526
2015,3,13,0.9390545856639682,Theft,0.054446,37.652843
2017,8,16,1.4298530756183787,Murder,0.05785,37.647011
2019,10,30,2.023364756871652,Assault,0.059211,37.639557
2013,3,1,1.6656056849133258,Theft,0.053625,37.639223
2017,1,1,1.0016747302248585,Drug-related,0.043734,37.643402
2020,7,19,0.35076628660697046,Robbery,0.042823,37.652372
2018,8,31,1.136540228168247,Robbery,0.056002,37.654406
2023,9,22,2.1729926002728956,Drug-related,0.060794,37.639286
2013,7,1,0.8828626301471183,Kidnapping,0.053799,37.650489
2020,4,26,0.5780104486125162,Fraud,0.04162,37.654975
2018,12,20,0.40082373107882285,Burglary,0.043263,37.64974
2017,9,19,1.1520224342063652,Assault,0.052644,37.644159
2023,6,29,0.5011999551876123,Robbery,0.0496,37.654834
2018,5,10,1.1501633398199822,Fraud,0.055753,37.648567
2014,10,11,0.3635383763842192,Robbery,0.047031,37.655214
2016,6,21,0.3472912386980585,Murder,0.044608,37.649314
2016,12,18,1.7966559515219243,Kidnapping,0.055022,37.638705
2021,4,12,0.5238706672994671,Robbery,0.050096,37.649779
2022,5,3,1.1858620253118808,Theft,0.043114,37.641854
2015,2,20,1.9849514938795376,Theft,0.055246,37.636843
2018,4,21,1.6364236922885214,Murder,0.043181,37.637684
2017,6,25,0.7649976161605033,Fraud,0.05255,37.654286
2016,5,1,2.204763442912479,Kidnapping,0.060248,37.638278
2023,12,15,0.9236033025826177,Burglary,0.054306,37.651396
2016,1,10,0.3976095224174063,Burglary,0.04277,37.653718
2021,9,1,1.7952867935588144,Assault,0.054971,37.638686
2022,9,8,0.5695887571646847,Murder,0.045569,37.647018
2015,6,19,0.2988110445987139,Fraud,0.048034,37.650368
2022,9,24,0.273776841539155,Burglary,0.045876,37.654575
2020,12,12,1.3831525514164438,Drug-related,0.047585,37.639795
2019,3,1,1.3535710043281088,Assault,0.054096,37.643011
2023,11,14,1.1506387411562802,Murder,0.055065,37.647069
2018,9,21,1.7166794686715359,Burglary,0.06149,37.652901
2015,5,13,1.658048278176203,Theft,0.054298,37.639722
2020,5,9,1.325073724526778,Murder,0.054602,37.643846
2017,1,31,2.1253238033297976,Fraud,0.055802,37.635704
2023,4,1,1.0283509865682592,Robbery,0.053234,37.646331
2023,4,3,1.5437274189023946,Kidnapping,0.059928,37.651416
2017,8,4,1.7326435910961917,Robbery,0.046983,37.636585
2022,11,11,1.6221349926858744,Murder,0.059311,37.646025
2018,10,18,1.4649039842289384,Fraud,0.055389,37.642849
2017,3,24,1.4148618105758886,Murder,0.058748,37.653023
2020,2,25,0.9714267984259268,Kidnapping,0.049286,37.644031
2021,11,26,2.1740734608587227,Assault,0.058955,37.63744
2019,6,28,0.5947702352318517,Theft,0.051361,37.651945
2016,1,27,0.4225688631026929,Fraud,0.042275,37.653029
2019,7,29,1.3857815818257109,Fraud,0.057081,37.646331
2019,11,19,1.3625915427754356,Murder,0.053247,37.642229
2016,7,29,0.7062503317908952,Drug-related,0.043921,37.646114
2016,6,4,2.1764866018882376,Fraud,0.058379,37.636929
2017,3,18,1.1149024394823355,Murder,0.046443,37.642113
2022,5,11,1.9249256240447643,Fraud,0.051394,37.635682
2020,1,16,0.3905001950726852,Burglary,0.043591,37.654697
2022,6,21,1.6236103788113985,Assault,0.058978,37.645324
2013,7,23,1.8881712156683608,Kidnapping,0.053903,37.63709
2016,10,31,1.518958645529025,Drug-related,0.046019,37.638473
2019,5,6,0.252337572333153,Kidnapping,0.043972,37.65105
2014,12,28,0.2679619857787396,Murder,0.044553,37.65406
2020,4,4,1.677431661901195,Theft,0.060384,37.647375
2020,8,2,1.4407435939734592,Drug-related,0.046785,37.6392
2014,6,27,1.4038970508210276,Robbery,0.042114,37.640107
2013,8,24,1.5757718620057686,Murder,0.052213,37.639386
2019,9,12,0.8347120529502698,Drug-related,0.053318,37.650338
2017,12,20,1.6534804443785334,Drug-related,0.060575,37.655373
2013,10,5,1.3299560314366143,Assault,0.05165,37.641579
2021,4,9,1.2472896244305778,Drug-related,0.048745,37.641254
2020,7,30,0.23006483275836792,Robbery,0.045518,37.650104
2018,4,9,1.6715860547017887,Assault,0.054086,37.63944
2017,1,2,0.4841392307337624,Murder,0.043261,37.655523
2020,5,26,0.2611311708697019,Burglary,0.046663,37.649871
2015,6,6,1.5683041799222903,Murder,0.060139,37.653021
2021,7,22,0.494421802325504,Kidnapping,0.041559,37.651486
2016,7,27,0.47813840404886165,Assault,0.044454,37.648101
2023,10,10,1.246331127493893,Assault,0.044467,37.641024
2019,9,30,0.2117340288922122,Robbery,0.047895,37.652252
2016,3,30,2.0797861052842825,Kidnapping,0.061092,37.640988
2017,12,10,1.1460981480047403,Assault,0.042405,37.642456
2013,2,19,0.693995031321611,Drug-related,0.051294,37.655443
2024,1,27,0.9411772683836368,Murder,0.047187,37.643748
2022,4,16,1.415667054805158,Theft,0.053526,37.641841
2014,7,6,0.687155862655604,Drug-related,0.041793,37.647561
2014,9,4,1.1783905882587284,Burglary,0.052834,37.644008
2014,10,30,0.38362651447222496,Burglary,0.042933,37.653757
2013,6,14,0.6497736505974236,Kidnapping,0.04487,37.646387
2023,5,16,0.8315416407268189,Theft,0.044496,37.644796
2020,2,16,1.613394350807651,Kidnapping,0.042796,37.637975
2019,10,19,0.7042104540367549,Kidnapping,0.052338,37.65256
2016,5,21,1.2434762418839513,Assault,0.05716,37.653367
2015,1,12,2.059182636074046,Burglary,0.055576,37.636262
2021,11,15,1.9759621287059628,Drug-related,0.059267,37.640243
2017,2,13,1.661360638357176,Assault,0.057839,37.642948
2022,2,4,0.7903512202531345,Fraud,0.047507,37.645181
2018,3,12,1.5484326041924428,Burglary,0.044302,37.638309
2015,5,27,0.3936854244712298,Drug-related,0.049239,37.653553
2023,5,13,0.8997146600177514,Burglary,0.053335,37.648651
2020,9,26,1.265051516430604,Kidnapping,0.053959,37.643969
2023,7,5,2.0861325777917252,Robbery,0.058715,37.638287
2023,2,4,1.9428459096767237,Theft,0.060879,37.642859
2022,9,21,0.4732491682042888,Kidnapping,0.041851,37.653219
2018,6,3,2.1011925074526947,Kidnapping,0.056159,37.636176
2022,4,21,2.1249609107379586,Murder,0.06122,37.640483
2014,10,30,1.4157098323000599,Theft,0.054317,37.642462
2021,6,20,1.233535811698743,Fraud,0.051054,37.642247
2015,8,31,0.9718204044358401,Burglary,0.052405,37.646156
2023,1,23,0.731951045959675,Robbery,0.051762,37.648908
2017,8,11,1.6160385237290649,Theft,0.056834,37.642391
2020,10,20,1.6268484836802786,Theft,0.049775,37.637997
2015,2,20,2.3406737553110246,Burglary,0.061258,37.637559
2016,7,27,0.5020790297674307,Assault,0.041735,37.65053
2021,6,12,2.3982038364866596,Fraud,0.060745,37.636333
2013,2,2,1.8534500440771107,Burglary,0.050276,37.636023
2023,8,7,1.4525125533474859,Kidnapping,0.058701,37.648845
2018,7,2,0.941839498183236,Murder,0.049973,37.644642
2015,12,29,0.4426930191374979,Fraud,0.049665,37.650552
2017,12,30,1.056680531742288,Burglary,0.055163,37.649474
2013,4,16,0.5552478826021046,Fraud,0.050893,37.651064
2021,8,15,1.3958248069725323,Burglary,0.041616,37.640354
2020,10,8,2.0330467149347227,Assault,0.05786,37.638175
2023,8,29,0.8675866775649622,Murder,0.048802,37.644844
2014,10,4,1.5552972824876443,Robbery,0.056657,37.643017
2013,3,3,1.6682267028916722,Fraud,0.043622,37.637317
2017,3,6,1.2580247240888187,Kidnapping,0.054816,37.644993
2017,8,23,1.1739579359450698,Burglary,0.056576,37.651383
2019,7,13,1.76582441206942,Kidnapping,0.044842,37.636296
2020,11,24,0.9048065005635746,Burglary,0.051238,37.645886
2019,6,12,0.9101211108436846,Fraud,0.054056,37.653721
2023,6,20,1.8431248870663017,Kidnapping,0.059667,37.642661
2019,8,20,1.7761099911652005,Assault,0.047834,37.636269
2020,7,29,0.5693816159597582,Fraud,0.042527,37.648328
2017,2,7,1.224276533096025,Fraud,0.043434,37.641416
2020,10,29,1.295313744447594,Murder,0.055676,37.645581
2022,7,3,1.1321400503169377,Drug-related,0.055854,37.654826
2022,9,16,1.504480642868939,Robbery,0.05502,37.642013
2018,10,22,0.8232976056367103,Murder,0.04751,37.644879
2013,6,29,0.8820686213504132,Murder,0.053271,37.655344
2020,3,23,1.1502266596725323,Burglary,0.054589,37.646311
2022,11,17,1.6728966984882725,Kidnapping,0.059437,37.645241
2013,4,19,1.7919287960457269,Assault,0.054073,37.638169
2017,10,27,1.7275093160946444,Robbery,0.047574,37.63668
2022,1,9,1.5434795462040376,Burglary,0.049567,37.638717
2024,1,20,2.0783701373014383,Fraud,0.061028,37.640924
2014,4,5,1.028848584962653,Murder,0.045232,37.642906
2020,5,6,1.709440268493739,Robbery,0.060633,37.647208
2021,12,11,1.4968416767027115,Murder,0.057232,37.644635
2022,4,25,1.4759768462069265,Drug-related,0.056922,37.644517
2019,12,20,1.1059008298585542,Drug-related,0.053755,37.645863
2018,5,2,0.6009127718546075,Fraud,0.045953,37.64672
2018,6,28,0.3961855945384271,Burglary,0.043891,37.64923
2022,8,18,1.9174119081444845,Assault,0.058091,37.639786
2021,11,27,1.6145232436475112,Murder,0.048561,37.637842
2020,6,18,1.1985275363174837,Drug-related,0.056653,37.654023
2018,9,16,1.4536522197836814,Kidnapping,0.043186,37.639359
2015,11,3,1.1601930147732722,Kidnapping,0.050362,37.642646
2020,1,29,0.5486416802844248,Burglary,0.041654,37.654523
2018,5,11,1.5486387968620996,Fraud,0.04248,37.638649
2014,1,13,2.2290324608710916,Robbery,0.060218,37.637938
2019,6,3,2.19481814491774,Robbery,0.060242,37.6384
2021,10,16,0.4862178276024165,Fraud,0.041978,37.650319
2017,1,16,1.6338886059366386,Theft,0.060745,37.652807
2023,2,10,0.35450376994937505,Burglary,0.049062,37.651224
2016,7,21,1.3908473381338486,Burglary,0.042862,37.640015
2019,6,17,2.2704154761040205,Theft,0.058332,37.635822
2022,4,25,1.688502606217728,Fraud,0.057919,37.642655
2021,7,22,1.6951948475338139,Drug-related,0.052267,37.638227
2019,10,28,1.8121523217755664,Drug-related,0.050531,37.636478
2014,1,18,1.4221531701784096,Theft,0.053836,37.641999
2016,7,20,1.4847081982531365,Robbery,0.055576,37.642784
2024,1,1,1.7747354025219109,Theft,0.060761,37.645893
2021,4,22,1.9415894425918465,Theft,0.057109,37.638623
2020,8,1,0.2903071282793557,Fraud,0.048308,37.653333
2022,6,23,2.329757554850514,Fraud,0.059731,37.636257
2019,4,11,0.7744940662036374,Robbery,0.044991,37.645231
2021,9,17,1.308965031819765,Kidnapping,0.050255,37.641151
2019,9,27,0.8761584954138477,Assault,0.053864,37.651284
2015,1,27,0.3587786421496687,Assault,0.046525,37.64894
2021,11,4,1.4582401154574953,Robbery,0.054672,37.642262
2013,8,15,1.7670476567796631,Theft,0.052943,37.637828
2020,12,23,1.2825571602243135,Theft,0.046501,37.640608
2020,7,7,1.7072061018163356,Robbery,0.061325,37.650381
2016,1,9,2.131413102628788,Assault,0.058421,37.637489
2015,6,15,1.6967157908080959,Murder,0.061124,37.654604
2020,3,18,0.5193408502322614,Murder,0.050642,37.651513
2020,6,23,0.5655649267403028,Fraud,0.047492,37.647263
2014,12,21,0.3469191248495292,Fraud,0.042893,37.651589
2022,2,8,0.4947776925109408,Theft,0.041864,37.650386
2017,8,25,1.8298954425610832,Assault,0.047941,37.635795
2014,8,25,0.5791476000973084,Assault,0.047649,37.647185
2022,6,25,1.2392838243789261,Theft,0.051202,37.642265
2020,11,24,1.827140045016414,Assault,0.056782,37.639693
2023,1,14,1.6536715755844575,Kidnapping,0.052701,37.638845
2016,10,9,0.9907668384052761,Theft,0.043153,37.643674
2022,6,22,1.7320267654553008,Kidnapping,0.060275,37.645746
2013,10,5,1.6393473112879584,Fraud,0.060785,37.651252
2021,5,9,1.2180092394676818,Fraud,0.047407,37.641268
2022,10,17,0.3541814099235819,Assault,0.04728,37.649208
2015,9,10,0.3727795405809732,Theft,0.049351,37.651932
2021,3,30,1.0685531257787233,Fraud,0.054988,37.64863
2022,6,3,1.1135720154667845,Fraud,0.043655,37.642386
2013,2,10,0.3953079347245001,Drug-related,0.048159,37.654937
2020,7,10,1.9738699737355827,Burglary,0.058168,37.639158
2016,4,12,1.2911595353242207,Assault,0.055027,37.644779
2020,1,20,1.3954113539739177,Drug-related,0.051714,37.640949
2017,3,24,1.0877676053496237,Murder,0.044382,37.642477
2016,1,21,1.012502695391919,Theft,0.053579,37.647036
2015,12,25,1.6657679533411343,Kidnapping,0.058342,37.643559
2022,4,30,1.461921294087102,Robbery,0.056668,37.644381
2021,11,17,1.347375673159174,Robbery,0.047031,37.640059
2015,6,28,1.5445723451942475,Drug-related,0.048,37.638388
2018,8,1,0.9920556935769759,Kidnapping,0.053371,37.647059
2016,4,22,1.7975643191581658,Kidnapping,0.053788,37.637952
2014,5,22,0.5116951773456235,Robbery,0.041528,37.650881
2020,8,17,0.6037586601995463,Kidnapping,0.051442,37.652301
2013,7,17,1.3787344686512497,Drug-related,0.056191,37.645003
2018,12,13,1.6181052998877723,Fraud,0.045004,37.637615
2013,7,22,1.4954623829792792,Assault,0.057817,37.645611
2018,3,17,0.45571780296458086,Assault,0.049361,37.64977
2013,2,26,2.0837723431168875,Assault,0.055,37.63568
2019,11,22,0.9814439769794504,Theft,0.042629,37.643956
2022,1,15,0.628594162358308,Murder,0.050917,37.654926
2016,6,1,1.171438095756751,Murder,0.043725,37.641837
2022,8,27,0.5294406842117828,Drug-related,0.043256,37.64821
2013,1,23,0.40650539410790343,Kidnapping,0.043017,37.649963
2019,3,12,0.9840734939823664,Murder,0.054679,37.650229
2013,6,13,0.9729284427427698,Theft,0.04631,37.643384
2023,10,10,0.8000465940089414,Fraud,0.053035,37.653734
2014,7,13,0.7501929045185237,Robbery,0.045948,37.645379
2019,2,24,0.9943686514569056,Theft,0.054014,37.648095
2014,5,28,0.6656192490940285,Murder,0.052003,37.651982
2021,9,26,2.0237140547866144,Burglary,0.056502,37.63724
2013,8,6,1.1121120324992193,Drug-related,0.055614,37.649233
2023,4,7,0.2870142216770057,Assault,0.04618,37.654689
2019,4,14,1.2314828294217537,Murder,0.057081,37.651169
2015,6,30,1.1680450468785915,Burglary,0.056432,37.650565
2015,10,1,1.5275980740665385,Murder,0.053271,37.640459
2019,4,24,1.8625685243375856,Burglary,0.051064,37.636165
2019,10,7,0.5896747757922093,Kidnapping,0.044375,37.647068
2019,2,25,1.8367097311000873,Murder,0.050976,37.636381
2023,3,12,1.2180630747847778,Robbery,0.053864,37.644471
2013,4,7,2.177534823156532,Drug-related,0.057049,37.635936
2014,1,12,0.7018630401649395,Kidnapping,0.044041,37.646116
2014,5,14,1.5763658875291384,Burglary,0.05442,37.640702
2013,1,12,1.1534512152871992,Kidnapping,0.04622,37.641759
2021,3,20,1.7723234917794404,Burglary,0.042563,37.636564
2023,4,8,1.0925344746939756,Murder,0.055767,37.6535
2020,3,10,1.549655841488339,Drug-related,0.044181,37.638313
2013,8,29,1.4945465964225029,Robbery,0.045767,37.638694
2020,9,27,0.9332711163687119,Burglary,0.052276,37.646529
2023,9,23,0.45512299218323365,Assault,0.048842,37.655061
2021,2,24,2.1211120177614546,Robbery,0.055834,37.635767
2015,11,5,0.259850709749195,Theft,0.047932,37.653425
2018,8,1,1.026227350727483,Drug-related,0.055236,37.652856
2020,6,17,1.0073427111218511,Robbery,0.046128,37.64307
2024,1,31,1.452918870553094,Robbery,0.047023,37.639107
2021,6,8,1.2490792023693307,Assault,0.043075,37.641276
2015,12,20,0.9344169016070853,Assault,0.050407,37.644965
2016,9,3,1.4648836861849297,Assault,0.059187,37.651024
2015,5,21,0.4804790084894222,Drug-related,0.046435,37.647825
2019,5,25,0.8182388969338946,Theft,0.051089,37.646796
2014,8,13,1.6203323693335205,Kidnapping,0.053193,37.639445
2021,1,2,2.12551729185188,Fraud,0.058685,37.637785
2024,1,13,1.518273351095227,Kidnapping,0.044529,37.638556
2020,10,26,1.6441307145715585,Theft,0.059874,37.646845
2017,3,9,1.1831096406632111,Murder,0.056417,37.65448
2014,10,15,1.3470492940067331,Kidnapping,0.056305,37.645688
2016,7,10,1.7767459404511097,Assault,0.053668,37.6381
2023,11,13,1.9233732878071492,Robbery,0.058548,37.640168
2021,7,23,1.6572984115005294,Drug-related,0.060973,37.652113
2013,10,13,2.139261089825393,Burglary,0.058526,37.637485
2017,1,3,0.6616908817527531,Burglary,0.051456,37.654526
2022,11,7,1.5478437881673122,Theft,0.058472,37.645834
2018,8,16,0.3190042529141678,Fraud,0.048189,37.650269
2017,5,13,0.5628276089908965,Drug-related,0.04468,37.647231
2015,1,26,1.6584221212761263,Kidnapping,0.049845,37.637722
2018,6,5,0.21956222375237514,Drug-related,0.045151,37.653908
2021,2,16,1.9919403030999072,Kidnapping,0.054613,37.63641
2013,5,29,0.9104690938102769,Drug-related,0.052751,37.647457
2017,1,26,0.08727835817483172,Burglary,0.04523,37.652347
2017,12,10,1.1247383438917233,Murder,0.047061,37.642071
2023,12,4,1.851009339084731,Assault,0.061292,37.645387
2014,8,13,0.4353522081238329,Fraud,0.048244,37.655321
2022,3,27,0.5765616585874747,Kidnapping,0.050806,37.654091
2020,10,23,0.36609977612222455,Murder,0.046226,37.648838
2014,6,23,1.0412154150666209,Theft,0.051471,37.644516
2013,10,19,1.705520876015209,Murder,0.059627,37.644969
2017,5,19,1.0074290728175055,Murder,0.051285,37.644757
2018,1,23,1.672659553342689,Murder,0.061103,37.651602
2019,5,13,1.1590317332263786,Kidnapping,0.043795,37.641936
2017,10,29,0.8718687542295902,Kidnapping,0.05382,37.652997
2015,9,19,1.5890434428501432,Burglary,0.053349,37.63986
2019,2,25,0.8524523444967637,Kidnapping,0.049879,37.645509
2023,11,11,0.5109240348632796,Fraud,0.047029,37.647647
2020,3,27,0.41474170817850825,Theft,0.042869,37.650044
2013,2,3,1.6839942852100371,Burglary,0.061185,37.653058
2023,6,23,1.5347306387332318,Kidnapping,0.055379,37.641969
2021,12,30,0.8892676461445526,Assault,0.044276,37.644312
2021,10,19,0.6108873410044757,Burglary,0.051467,37.651438
2020,6,14,1.109958108738979,Drug-related,0.056023,37.652139
2018,6,27,1.3173655881413011,Fraud,0.057629,37.654622
2024,4,1,1.6819202361276653,Fraud,0.060928,37.65494
2022,1,23,1.3523411765952473,Drug-related,0.056267,37.64554
2022,2,12,1.051644883339594,Murder,0.048363,37.642971
2019,3,22,2.0161919662589454,Assault,0.057671,37.638215
2017,12,5,1.442844691777971,Burglary,0.058521,37.648521
2018,6,8,2.3103135125204504,Burglary,0.060017,37.636741
2023,4,29,1.357896644305621,Kidnapping,0.052605,37.641844
2022,2,18,0.25111499267226955,Murder,0.04724,37.650238
2017,5,29,0.1277349726443642,Robbery,0.045182,37.651293
2020,4,14,0.5660314384707343,Burglary,0.051078,37.651607
2017,3,3,1.0424816391172271,Drug-related,0.046936,37.642801
2016,3,1,0.492907918374899,Burglary,0.050412,37.652636
2016,7,13,1.1030203476639227,Fraud,0.046095,37.64221
2021,10,28,1.58070894844751,Robbery,0.056235,37.64222
2020,2,18,1.5938579607625376,Fraud,0.042661,37.638186
2015,5,23,1.5921259455361891,Fraud,0.060198,37.649829
2023,12,23,1.8338271739124923,Kidnapping,0.042244,37.636069
2017,12,12,1.7489429844393671,Robbery,0.061248,37.647997
2016,9,24,0.5655780981305139,Fraud,0.04215,37.648756
2014,3,1,1.9747961900850042,Drug-related,0.060609,37.641935
2020,9,7,0.2521767579015842,Burglary,0.047939,37.653286
2021,7,10,0.26073969509818307,Fraud,0.04686,37.649943
2021,4,5,1.7827145602932122,Assault,0.060876,37.64598
2015,2,28,0.5436472316574263,Robbery,0.049109,37.648347
2016,12,5,0.9194003714270682,Drug-related,0.043637,37.644195
2015,3,3,1.3565751068956846,Theft,0.054096,37.642975
2017,7,8,0.8882294553593226,Robbery,0.05401,37.652469
2024,1,30,1.244016253796384,Kidnapping,0.045919,37.640943
2014,12,28,1.496429061787111,Kidnapping,0.048012,37.638827
2023,11,14,0.5623487948674528,Fraud,0.04826,37.6476
2014,2,10,0.5788678431129181,Assault,0.045185,37.646979
2014,6,28,1.6063640120434692,Robbery,0.060406,37.653861
2023,3,6,1.6998130566198322,Robbery,0.059879,37.645584
2014,5,24,1.8257409330652625,Burglary,0.05713,37.640017
2020,4,4,2.0503064076467576,Drug-related,0.055426,37.636266
2017,9,30,2.352463869567255,Murder,0.061436,37.637591
2023,8,27,1.8942112364171806,Drug-related,0.061231,37.644359
2020,7,31,0.7425169023382127,Murder,0.051721,37.655586
2021,6,5,1.4836524314129875,Burglary,0.059402,37.652244
2013,4,6,0.6117587661948918,Kidnapping,0.041848,37.648469
2019,3,10,0.8111819223087998,Fraud,0.053311,37.652498
2024,1,4,1.0436114637514635,Burglary,0.055415,37.652504
2021,3,11,1.2203879286980723,Murder,0.05701,37.651613
2022,7,15,0.6563938517834087,Assault,0.043002,37.64702
2020,11,13,1.6435842298417,Drug-related,0.057809,37.643171
2013,4,9,1.9369045815147403,Burglary,0.051971,37.635766
2018,5,14,0.7013458706727771,Murder,0.052303,37.652673
2017,1,11,1.666018718782948,Robbery,0.0602,37.647157
2015,7,29,1.0646639500662338,Fraud,0.054602,37.647851
2014,3,28,0.3019211151385418,Assault,0.048145,37.653777
2021,1,26,0.4949170531503967,Murder,0.050263,37.653425
2015,5,7,1.5021672099591852,Theft,0.054388,37.641515
2014,3,18,1.0658303252691892,Drug-related,0.055623,37.652252
2018,7,27,0.676668783529079,Theft,0.051993,37.653273
2023,4,7,0.3101660242205816,Assault,0.044433,37.649797
2021,10,31,1.3711891234052374,Burglary,0.050508,37.640649
2017,9,27,2.0502976482264543,Theft,0.05505,37.636051
2015,5,20,0.5811345254852099,Drug-related,0.051006,37.65366
2013,4,21,0.457600693375786,Fraud,0.049122,37.654799
2023,3,24,1.6459742151226677,Fraud,0.060765,37.653876
2015,9,22,1.0055647203266775,Kidnapping,0.05507,37.652518
2016,4,11,1.487732779727186,Murder,0.055528,37.642697
2021,5,20,1.751808896156149,Kidnapping,0.059072,37.643249
2023,4,12,1.5298643081721992,Fraud,0.046001,37.638375
2016,8,17,0.9020336847355968,Burglary,0.054129,37.65165
2017,11,17,1.6181264738189332,Drug-related,0.060566,37.653351
2018,12,28,0.8298737277604574,Robbery,0.052115,37.647817
2023,10,19,1.9380707145873879,Robbery,0.059462,37.640987
2024,2,14,1.2558753595788397,Assault,0.048834,37.641197
2015,3,10,1.39893590520756,Theft,0.056265,37.644793
2020,12,26,1.9017860676454508,Robbery,0.059818,37.641966
2022,8,27,1.800375702538918,Fraud,0.047672,37.636032
2023,7,22,0.1264965279308353,Assault,0.047053,37.652525
2016,8,2,1.0866554866176676,Theft,0.047328,37.642448
2021,4,13,1.3270396017919874,Fraud,0.052933,37.642398
2019,11,29,2.0841470089524554,Theft,0.055605,37.636018
2021,1,26,1.6081681255949276,Theft,0.050014,37.638237
2015,4,5,2.24262942923974,Murder,0.061343,37.63896
2013,8,22,1.4309986489343327,Fraud,0.050815,37.640192
2020,1,8,0.2898394862344473,Murder,0.048375,37.653187
2020,12,29,1.523032178037008,Theft,0.046445,37.638444
2018,10,26,0.6957412330307133,Robbery,0.048677,37.646469
2014,10,30,1.101821898304969,Drug-related,0.047361,37.642315
2019,5,1,0.3293999353542206,Assault,0.043199,37.653166
2017,3,7,2.005514363867057,Theft,0.056513,37.637448
2023,8,21,1.5503077959118434,Drug-related,0.048128,37.638355
2018,7,16,1.3102268251530382,Burglary,0.049836,37.640987
2014,7,13,1.7860183580628204,Drug-related,0.043105,37.636331
2017,12,20,1.887272791321985,Theft,0.058482,37.640571
2018,7,9,1.322581565783309,Robbery,0.043554,37.640485
2013,4,1,0.8572502806807214,Murder,0.047019,37.644486
2021,10,17,0.8219132145339794,Assault,0.044096,37.644977
2016,12,7,1.249202856920575,Assault,0.056994,37.654637
2016,7,6,1.5136150853783625,Assault,0.055194,37.642058
2018,3,12,1.4547065421574887,Robbery,0.057682,37.646137
2016,12,24,1.2077182679392866,Drug-related,0.056907,37.652064
2023,12,4,1.7939862191423872,Robbery,0.048326,37.636171
2019,11,30,2.255652088298653,Robbery,0.058601,37.636195
2015,4,19,2.0027093514368435,Fraud,0.059715,37.640385
2016,8,7,0.9604602835104874,Burglary,0.049447,37.644205
2014,1,30,0.3643413190048101,Kidnapping,0.048181,37.649678
2015,7,27,1.8446610686159357,Robbery,0.055535,37.638531
2015,9,26,1.7934879647708681,Drug-related,0.056481,37.639835
2020,8,28,0.3889286317600255,Murder,0.04325,37.649921
2013,6,10,2.2657321892225184,Drug-related,0.058123,37.63572
2023,9,9,0.7453171779667187,Kidnapping,0.042326,37.646495
2018,12,8,1.7004638416651183,Murder,0.059815,37.645438
2013,2,17,0.9414663818492642,Drug-related,0.054024,37.654904
2017,11,27,1.6154746028429952,Kidnapping,0.055153,37.640819
2016,8,6,0.9541532495502969,Theft,0.053099,37.647267
2013,8,25,1.9715341533455235,Theft,0.058625,37.639627
2015,3,16,2.1707247913504797,Kidnapping,0.061075,37.639645
2018,4,11,2.304867315684184,Theft,0.060982,37.637738
2019,5,20,1.5249897209058487,Theft,0.056644,37.643425
2014,8,5,0.29054318405004026,Murder,0.044613,37.649892
2015,3,8,0.6536352940226391,Robbery,0.04285,37.64714
2014,11,14,1.4082596518782977,Drug-related,0.049041,37.639837
2019,10,16,0.3127804731115299,Theft,0.048714,37.652857
2015,5,21,0.8372826403486583,Robbery,0.043592,37.644982
2013,7,23,1.3122939475816031,Burglary,0.053423,37.642932
2023,3,30,0.5668854685311536,Drug-related,0.041716,37.649298
2022,9,16,1.3648494011373842,Drug-related,0.046421,37.639865
2014,6,2,0.7082118499271866,Kidnapping,0.051342,37.648631
2023,12,6,1.726221881785579,Robbery,0.05468,37.639239
2017,6,2,0.8245171431055196,Theft,0.053336,37.650876
2021,5,18,1.173547126571771,Drug-related,0.055984,37.648584
2020,3,11,1.818486865698235,Drug-related,0.041698,37.636347
2018,5,9,1.4988413775267415,Drug-related,0.059502,37.651111
2014,2,17,0.7894047136615112,Drug-related,0.052801,37.654227
2015,1,22,0.5779269901563021,Murder,0.049545,37.648317
2016,12,4,2.109391889775431,Assault,0.057494,37.637006
2017,3,1,0.5331731852882425,Robbery,0.050356,37.650096
2018,10,11,0.9139962046567145,Drug-related,0.054058,37.653881
2016,2,21,0.49190260881453307,Robbery,0.046892,37.647792
2017,1,15,1.2263415861119533,Murder,0.056668,37.655077
2021,5,6,1.2394572183101689,Robbery,0.057079,37.650526
2014,5,27,1.7918001966976285,Burglary,0.05796,37.641274
2019,2,9,1.7960937601508231,Murder,0.057064,37.640319
2019,8,28,0.48989604245583257,Theft,0.045263,37.647776
2018,3,12,1.7469833501727328,Assault,0.047914,37.636542
2015,8,1,0.45233028496944294,Assault,0.049625,37.650264
2021,5,22,0.813958477295444,Assault,0.049615,37.645757
2014,7,30,0.40691460906841315,Drug-related,0.049539,37.653066
2017,2,4,1.3573743386918782,Assault,0.047112,37.639976
2023,9,13,1.6209862661156336,Murder,0.042137,37.638067
2015,7,7,1.6459974730674982,Burglary,0.054314,37.639863
2021,5,13,1.1507026828131948,Drug-related,0.048498,37.642087
2015,2,21,1.5516916514693924,Theft,0.05972,37.654975
2013,5,7,1.7912725013788127,Fraud,0.052706,37.637477
2015,12,17,0.31836234342755465,Assault,0.046604,37.654911
2020,2,1,1.1506705608531342,Robbery,0.056338,37.653162
2022,1,30,1.875198459745521,Robbery,0.051237,37.636101
2019,10,4,1.329295233413009,Kidnapping,0.056654,37.646615
2013,9,10,0.8515244078964805,Theft,0.049502,37.645313
2016,6,4,1.4930409279776726,Burglary,0.047591,37.638801
2014,9,8,0.7609775012265685,Drug-related,0.041967,37.646568
2021,7,8,1.5675337665778701,Robbery,0.060068,37.650506
2020,11,2,1.77698071940141,Fraud,0.049429,37.636526
2016,1,6,1.3164088979113664,Burglary,0.043467,37.64056
2020,8,23,0.9734107626176931,Burglary,0.041568,37.644554
2018,7,16,0.5611558180013969,Kidnapping,0.050981,37.651233
2014,1,15,1.696988888719618,Theft,0.061267,37.650717
2016,12,18,0.6507975074747754,Kidnapping,0.049783,37.647652
2017,6,21,0.3426703080455553,Burglary,0.048695,37.650625
2021,10,10,1.7794966192008683,Fraud,0.061093,37.646611
2023,7,24,1.5248496233635784,Murder,0.046941,37.638453
2017,8,14,0.9883760608785054,Theft,0.044297,37.643399
2021,9,14,2.2851071172499045,Fraud,0.059377,37.636484
2018,6,12,2.1432367138381947,Theft,0.058314,37.637262
2017,8,28,1.2928126617306426,Assault,0.056883,37.647912
2019,8,26,0.7039786910567377,Kidnapping,0.044696,37.645925
2023,10,8,0.48362203365488243,Robbery,0.041951,37.650439
2017,1,12,1.4557755332481355,Murder,0.042489,37.63951
2021,1,27,0.9033651217971531,Assault,0.041562,37.645295
2024,3,12,1.4568042011575404,Murder,0.055517,37.643084
2016,7,30,0.45277300434329626,Burglary,0.04193,37.651552
2014,1,1,1.8776700622400326,Kidnapping,0.056493,37.638868
2015,2,16,1.9307796555893426,Robbery,0.056496,37.638268
2018,8,9,1.3091544444732028,Kidnapping,0.048595,37.640647
2017,2,20,0.5682138410833361,Drug-related,0.050992,37.65097
2016,6,24,0.39650839230782087,Kidnapping,0.04254,37.653107
2019,12,22,1.0153004754923247,Burglary,0.054456,37.648599
2016,8,8,1.3309751213394843,Robbery,0.057969,37.650999
2023,6,20,0.7023544892887214,Robbery,0.041818,37.647356
2022,11,30,1.5148621202687795,Fraud,0.057932,37.645458
2014,8,31,0.8670299491237748,Fraud,0.053389,37.649554
2023,4,19,0.6708609005490013,Robbery,0.046342,37.646102
2021,11,27,1.3866200904821138,Fraud,0.042579,37.64013
2015,5,21,0.9797030828919866,Burglary,0.047602,37.643465
2014,5,4,0.9733093994354408,Murder,0.054403,37.649563
2018,8,12,2.325216667722432,Assault,0.059151,37.635831
2022,7,21,1.2043877086376724,Murder,0.05485,37.645832
2014,5,14,0.8855530259986403,Robbery,0.047603,37.644327
2013,6,15,1.3549364844422898,Burglary,0.058117,37.653828
2018,4,27,0.5979248465250896,Murder,0.045704,37.646754
2019,3,12,0.8789335083585365,Fraud,0.042394,37.645074
2020,6,15,1.2343075654410145,Assault,0.043069,37.641415
2017,9,30,1.3852359805391516,Robbery,0.058104,37.65527
2024,2,15,1.2439934496154408,Burglary,0.057144,37.650698
2014,12,29,1.642468043967867,Burglary,0.059978,37.647168
2013,10,5,1.4322439663333602,Theft,0.045942,37.639252
2016,12,12,1.5309254565364676,Assault,0.059241,37.648149
2022,6,28,1.3004464177998654,Assault,0.048715,37.640755
2019,4,11,1.0045105175398115,Robbery,0.052479,37.645808
2023,2,9,0.8716145408226552,Robbery,0.045088,37.644339
2023,6,25,1.222683647130773,Assault,0.047742,37.641274
2016,2,26,0.6197746332081235,Murder,0.050923,37.649484
2014,7,4,0.3060179820679297,Assault,0.047663,37.654304
2023,2,14,1.5163006763478883,Theft,0.051516,37.639654
2022,7,17,2.061490375127363,Assault,0.061139,37.641331
2015,4,8,0.4556265822764025,Fraud,0.043387,37.655295
2017,4,1,1.3227244849585205,Fraud,0.057893,37.653248
2019,12,4,0.4643830434836305,Drug-related,0.04917,37.649399
2017,5,8,0.5647435961570608,Murder,0.048389,37.647642
2023,8,9,1.0099500291965038,Drug-related,0.055106,37.651642
2021,1,27,1.6640710369912677,Burglary,0.054005,37.639469
2021,11,25,0.21307754344986543,Burglary,0.045498,37.650266
2019,12,20,0.3321829251607022,Burglary,0.042984,37.652257
2020,12,28,1.9547144059861927,Drug-related,0.061463,37.643635
2020,10,9,1.521972549666019,Drug-related,0.043033,37.638764
2021,2,6,1.9889124265488456,Theft,0.056717,37.63778
2015,4,30,0.963683861421701,Theft,0.053311,37.647429
2022,2,20,1.3690472401293834,Kidnapping,0.042329,37.640368
2021,8,28,0.5011519316920956,Murder,0.050325,37.650821
2015,7,10,1.6202013128867907,Fraud,0.060406,37.649541
2018,9,24,0.3635881667822893,Murder,0.044157,37.649403
2017,6,4,1.8683367644969389,Kidnapping,0.050965,37.63608
2022,4,27,1.3149559757782707,Fraud,0.054149,37.643529
2022,7,18,0.8624412027645745,Fraud,0.053574,37.65033
2013,2,3,1.3957546905287341,Murder,0.048003,37.639741
2019,7,16,1.8416274231085763,Fraud,0.059991,37.643166
2020,1,15,0.44754645055541414,Burglary,0.043626,37.648851
2018,5,18,1.4666476549966048,Kidnapping,0.051842,37.640297
2018,3,14,0.5225117360049392,Theft,0.050309,37.650225
2013,4,5,1.7949645369666642,Drug-related,0.056014,37.639439
2019,4,18,0.910539996432742,Burglary,0.048683,37.64439
2021,1,16,0.6940724324819425,Burglary,0.046461,37.645901
2020,5,29,1.7192558484605351,Kidnapping,0.061017,37.648171
2016,7,21,1.1181757478129113,Fraud,0.042105,37.642842
2021,1,20,0.4050662285836418,Fraud,0.043177,37.654455
2024,2,19,0.5364441872327211,Fraud,0.042426,37.655393
2018,9,15,1.190801299742276,Burglary,0.053638,37.644592
2021,8,1,1.7870430978568024,Kidnapping,0.04454,37.636129
2018,9,13,0.9138687923125792,Assault,0.054217,37.651389
2020,11,13,1.4498135566693615,Murder,0.059071,37.652931
2017,5,6,0.7751848159497854,Theft,0.052732,37.650227
2016,12,21,1.070037363914068,Kidnapping,0.041838,37.643433
2015,5,21,1.380818615879591,Fraud,0.054883,37.643415
2022,10,18,0.7070345820485513,Fraud,0.051774,37.649421
2013,10,25,1.684251666034428,Assault,0.058414,37.643372
2016,4,4,0.767457109826933,Murder,0.048806,37.645819
2019,10,27,0.7551750698981416,Robbery,0.049187,37.646126
2017,3,20,1.787731524250922,Murder,0.043041,37.636327
2017,12,12,1.7525350597909366,Burglary,0.046558,37.636385
2015,6,6,1.3352442424611555,Assault,0.045329,37.640141
2014,10,10,0.7895203436759112,Robbery,0.053101,37.6527
2016,8,15,0.7924768125330429,Burglary,0.053147,37.651857
2022,11,7,1.5381284095570915,Burglary,0.044666,37.638363
2024,2,10,1.543748691312911,Fraud,0.059824,37.650288
2013,9,7,0.4754729744570405,Burglary,0.043908,37.648378
2013,6,17,0.34227060232272216,Assault,0.045797,37.649049
2023,11,10,1.6355386999368888,Assault,0.059405,37.64594
2019,4,16,0.5502975741779375,Murder,0.04988,37.649041
2023,7,11,1.1693987224687683,Murder,0.051921,37.643424
2015,3,15,1.7935602127072234,Fraud,0.056277,37.639665
2016,12,29,1.7725101204916043,Fraud,0.05921,37.64312
2016,10,1,1.4006888285227568,Robbery,0.058377,37.649509
2018,8,12,0.6139545340550746,Murder,0.048064,37.647004
2016,4,28,0.6419888233557162,Burglary,0.050752,37.65541
2022,7,16,1.5746859044040955,Burglary,0.054375,37.640688
2019,11,13,0.6702676412508112,Murder,0.042344,37.647304
2017,10,25,1.023903834685577,Burglary,0.055215,37.651381
2023,7,18,0.7595554767980861,Drug-related,0.04258,37.646192
2016,8,29,1.1664760463792543,Assault,0.054438,37.645849
2018,12,18,0.9216911851878902,Fraud,0.041855,37.644926
2018,3,30,1.5079905830062843,Kidnapping,0.044411,37.638662
2013,9,17,0.3032716055945611,Robbery,0.047755,37.654199
2023,8,23,1.4354471616140234,Theft,0.0555,37.643346
2019,4,20,0.855074925605274,Murder,0.04836,37.644808
2019,2,19,2.143001328285818,Drug-related,0.057306,37.636493
2014,10,23,0.9522295329060253,Burglary,0.045458,37.64358
2013,2,11,0.9768046351123247,Drug-related,0.054315,37.655039
2018,3,9,1.1370627425589568,Robbery,0.051902,37.643764
2015,6,21,1.5197300301415333,Assault,0.050598,37.639258
2016,10,22,0.4411467695380758,Assault,0.049945,37.652599
2023,3,6,1.3659287236315603,Theft,0.056724,37.646054
2014,11,23,1.7985530774854601,Assault,0.050936,37.636728
2019,11,7,1.4987740239885023,Drug-related,0.056941,37.644191
2014,2,21,0.685582828910312,Robbery,0.041951,37.647441
2017,2,1,0.7387877610229855,Burglary,0.052276,37.649883
2018,5,29,0.6595571231933547,Drug-related,0.050289,37.648016
2023,10,16,0.5269137653263565,Drug-related,0.049295,37.648713
2013,7,1,2.189673983681038,Assault,0.058072,37.636537
2022,8,2,1.6546330990918712,Drug-related,0.058187,37.643514
2019,3,20,0.13628955504274576,Assault,0.045538,37.650977
2023,8,2,0.08045518521718774,Kidnapping,0.045306,37.652378
2020,10,13,1.7184832998063626,Assault,0.061082,37.648453
2016,9,2,0.4147820746624193,Burglary,0.048891,37.654474
2015,10,19,0.9687613111600203,Drug-related,0.05472,37.651447
2023,12,15,0.38264399543386285,Burglary,0.04637,37.648702
2014,8,2,0.9296675132284236,Fraud,0.051558,37.645865
2019,6,24,0.24494414539994713,Burglary,0.048189,37.652338
2015,10,5,0.25291401233457445,Theft,0.043778,37.651521
2018,12,17,1.3535666779524043,Drug-related,0.057598,37.648273
2022,1,15,0.5866336417868906,Theft,0.044942,37.646951
2023,8,10,0.7350497886932859,Kidnapping,0.042595,37.646438
2013,6,2,0.41582475540267916,Murder,0.049464,37.6507
2022,7,24,0.5631171065747046,Theft,0.041785,37.649257
2013,8,20,0.9533389046475832,Assault,0.054502,37.650788
2015,12,14,1.6370274837135654,Assault,0.054254,37.63992
2023,3,30,1.752447531055305,Drug-related,0.058424,37.642363
2021,9,10,1.3991236764347206,Assault,0.051667,37.640888
2024,2,4,1.6051590184916364,Assault,0.060429,37.653557
2023,2,16,0.21761189382364707,Robbery,0.044147,37.651419
2022,10,11,0.21938550851234873,Kidnapping,0.047164,37.650533
2020,11,5,0.30106610712825976,Drug-related,0.048556,37.653008
2024,1,8,1.1039537352189916,Drug-related,0.052104,37.644282
2018,5,10,0.511249775499348,Murder,0.046787,37.647595
2020,1,16,1.5122537690862707,Kidnapping,0.042042,37.63911
2015,12,8,1.6959546905643708,Kidnapping,0.061304,37.651368
2020,3,17,0.5325002268091343,Drug-related,0.050401,37.65021
2015,1,9,1.694635080708091,Kidnapping,0.048582,37.637115
2019,1,18,0.35734963894711375,Drug-related,0.048675,37.650339
2018,12,29,1.1157774386257036,Kidnapping,0.051409,37.643666
2022,5,15,0.4978404685854767,Burglary,0.041568,37.652985
2015,5,26,1.4728496105907132,Burglary,0.047229,37.638945
2017,5,30,1.5885292799534683,Fraud,0.047813,37.637964
2022,4,9,1.0074620013559232,Murder,0.050585,37.644306
2021,10,10,0.05985643276050716,Drug-related,0.045457,37.652237
2017,3,1,0.1118160252428817,Fraud,0.04516,37.652699
2014,12,24,1.460077550888026,Theft,0.05765,37.645972
2020,1,10,1.3590464836573768,Fraud,0.058128,37.654005
2019,2,7,1.8889122388780135,Fraud,0.05582,37.638244
2015,4,12,1.7908887789826136,Assault,0.043877,37.636167
2016,2,24,1.7805581146076563,Robbery,0.043132,37.636376
2022,7,25,0.031169126445921683,Robbery,0.046135,37.651881
2015,5,12,1.657396261352026,Murder,0.052901,37.638909
2022,4,2,1.1790737277087473,Murder,0.047984,37.641714
2016,9,7,1.6088789225369868,Robbery,0.051444,37.638721
2015,3,1,2.0789400561467564,Robbery,0.057073,37.637036
2013,1,30,1.3857126574767331,Assault,0.056913,37.646025
2015,9,15,1.1585698808638727,Robbery,0.042477,37.642311
2018,5,20,2.092082143679217,Murder,0.058188,37.637756
2014,1,31,1.918730068198752,Murder,0.060548,37.642746
2017,3,14,1.6867403951987843,Robbery,0.04701,37.637
2017,4,9,1.8206899119294473,Drug-related,0.047007,37.635794
2022,2,14,0.714951177722765,Assault,0.044958,37.645777
2020,5,17,2.0692326991878005,Kidnapping,0.061377,37.641546
2018,2,9,1.395771815720902,Robbery,0.053079,37.641747
2017,5,30,1.7908268743531002,Kidnapping,0.059083,37.642656
2018,6,2,1.6449012517200714,Robbery,0.060481,37.655436
2013,7,26,0.6726392032969479,Theft,0.04652,37.646099
2014,10,12,0.43722762206806887,Theft,0.049704,37.650784
2016,4,28,1.0423317265112457,Murder,0.04168,37.643788
2021,10,12,0.515118477698898,Theft,0.050326,37.653797
2015,5,29,1.5975509191261297,Assault,0.044097,37.63789
2021,7,6,0.9169500689795991,Burglary,0.051906,37.646351
2024,3,29,2.2722683506592865,Fraud,0.06017,37.637349
2018,10,19,0.20699130712583574,Theft,0.044136,37.652409
2021,9,2,0.4405770362484471,Drug-related,0.047146,37.648332
2022,7,11,0.09285535413178077,Fraud,0.045296,37.652595
2021,4,14,1.0296098972199237,Kidnapping,0.055294,37.651909
2013,5,20,1.4825622736196313,Burglary,0.042226,37.639334
2014,1,5,1.2553462339071844,Kidnapping,0.055145,37.645456
2017,9,25,1.1451809472524617,Assault,0.042527,37.642421
2018,12,3,0.45379512410569267,Assault,0.049019,37.649373
2021,2,9,1.3713872043594204,Assault,0.057323,37.647125
2021,2,5,2.3276189497492656,Robbery,0.060934,37.637397
2017,7,20,1.1561368999391926,Robbery,0.053644,37.645048
2021,2,17,2.1603693219197546,Kidnapping,0.059812,37.638407
2015,2,20,1.32446835061821,Kidnapping,0.047587,37.640327
2016,9,28,0.9693744455350582,Burglary,0.054731,37.652715
2014,2,20,1.5297235244083236,Assault,0.043767,37.638554
2014,1,28,1.4020246903871358,Drug-related,0.045334,37.63954
2018,4,11,1.3382006928150754,Burglary,0.056804,37.646731
2023,1,28,1.2167935838650346,Assault,0.049491,37.641757
2017,10,30,0.4830338492006724,Theft,0.041814,37.653408
2016,12,17,1.811250456226299,Robbery,0.061074,37.645786
2019,9,7,1.167706706692176,Robbery,0.056229,37.64957
2024,2,13,1.244142657121051,Murder,0.046071,37.640942
2017,11,26,1.6885653001558671,Fraud,0.059448,37.644959
2013,8,5,1.0128848230742629,Robbery,0.054922,37.654114
2016,9,10,2.1775810024622007,Robbery,0.057582,37.636308
2022,1,14,0.5961634042169008,Assault,0.042945,37.647695
2022,2,16,0.40942123319697443,Fraud,0.044659,37.648684
2017,3,3,1.4591734832060763,Murder,0.059156,37.652928
2018,8,11,0.5414144394827293,Drug-related,0.050725,37.653337
2021,6,26,1.4761734388568306,Murder,0.058264,37.646914
2023,10,16,1.5342693241568708,Fraud,0.056984,37.643716
2018,4,4,1.4042149183786403,Murder,0.054073,37.642393
2021,6,24,0.5219283347506473,Murder,0.048733,37.648306
2017,4,7,1.5008468791832628,Murder,0.059449,37.653824
2018,8,20,1.4680246685626566,Drug-related,0.059056,37.654428
2021,2,11,0.9004757725889875,Assault,0.054123,37.652416
2024,1,7,1.4934015956411637,Robbery,0.058116,37.646221
2013,7,22,1.499396820679479,Burglary,0.053269,37.640757
2014,10,11,0.9009579871470038,Drug-related,0.042339,37.64488
2018,7,20,2.117867082178618,Fraud,0.056354,37.636122
2018,2,2,0.15727626745236728,Robbery,0.044805,37.651329
2020,1,12,2.275186631024167,Theft,0.060485,37.637617
2021,2,20,1.8847315078230977,Assault,0.060819,37.643779
2021,7,8,1.0706126235366569,Murder,0.051216,37.644025
2015,5,8,0.6731256558933596,Robbery,0.05202,37.651326
2017,1,11,1.1085534427915589,Assault,0.051368,37.643717
2018,3,23,0.6868807232219043,Robbery,0.052176,37.651613
2019,12,11,0.713014989983499,Burglary,0.051484,37.655463
2020,3,24,1.5618728424241726,Theft,0.059802,37.649204
2019,2,28,1.601073513346362,Burglary,0.054548,37.64052
2023,9,30,2.0970653587544112,Robbery,0.060126,37.639565
2024,1,9,0.47943476077899067,Kidnapping,0.04942,37.64949
2013,7,15,1.8824329843188898,Kidnapping,0.055984,37.638432
2023,10,1,1.1791457439673119,Murder,0.048075,37.641731
2021,7,17,0.8231495855438896,Theft,0.052593,37.648713
2017,8,5,0.45562203820572783,Murder,0.043236,37.649069
2019,7,26,0.4248421502005759,Burglary,0.042983,37.6545
2022,12,8,1.7138518850046607,Kidnapping,0.048054,37.63686
2018,1,6,1.5330869895142796,Drug-related,0.055716,37.642308
2022,8,12,0.26368167486609473,Burglary,0.047464,37.653976
2021,7,27,0.4075991186143964,Murder,0.047373,37.65551
2021,1,17,1.1902020196463132,Burglary,0.052509,37.643614
2023,10,4,0.7381050534335956,Kidnapping,0.048763,37.646089
2018,8,9,1.4263982715744266,Robbery,0.045605,37.63931
2020,6,20,1.5782274889071333,Robbery,0.048286,37.638126
2016,9,22,1.4878394589332053,Robbery,0.044828,37.638802
2013,11,29,0.25542171621269066,Murder,0.044869,37.650109
2020,3,22,1.312749778753709,Drug-related,0.053012,37.642613
2016,2,8,2.4461115037876358,Burglary,0.061313,37.636274
2017,2,6,1.599011426047858,Theft,0.059116,37.646101
2022,7,17,0.572089028500376,Fraud,0.042975,37.647938
2021,1,12,1.4739389067848954,Drug-related,0.058586,37.6478
2021,7,27,0.7135253703053215,Theft,0.051252,37.648415
2023,10,8,0.6477731776194029,Fraud,0.051741,37.651036
2016,10,15,1.7367303012961304,Theft,0.058473,37.642656
2018,10,13,1.5480387238262203,Murder,0.052973,37.640068
2016,4,10,2.093630415530229,Burglary,0.059488,37.638934
2017,7,3,0.9097968618173872,Drug-related,0.044991,37.644005
2014,10,31,0.49444077577136325,Fraud,0.042681,37.655111
2017,12,8,0.9446942335812274,Robbery,0.044499,37.643761
2014,9,18,1.8684644267148267,Robbery,0.041715,37.635878
2021,11,10,1.7330399579855427,Murder,0.049485,37.636943
2022,8,9,0.38689917308690663,Burglary,0.042596,37.651253
2019,1,2,0.7333666947320937,Drug-related,0.05252,37.653242
2020,8,8,1.7901635577163981,Theft,0.055368,37.639013
2020,6,11,1.5335058698476092,Drug-related,0.049534,37.638801
2021,7,22,0.16236112513213474,Fraud,0.047263,37.652836
2013,12,12,1.6886532390670383,Fraud,0.047526,37.637026
2016,4,1,1.5568806409639773,Assault,0.049515,37.638579
2023,3,4,1.0384162857466848,Robbery,0.046689,37.642816
2015,12,24,1.5127114587169126,Assault,0.056803,37.6438
2014,7,16,2.2322902229522907,Burglary,0.059825,37.637519
2018,6,3,0.9683932244755865,Assault,0.044982,37.643476
2017,3,12,0.7588935037870316,Burglary,0.051309,37.647816
2013,9,13,1.0685387932618757,Assault,0.055028,37.648734
2022,4,19,0.22908697187894927,Assault,0.045545,37.650107
2020,10,27,0.26985481985322274,Murder,0.043798,37.653194
2023,9,9,1.293680283995279,Assault,0.04252,37.641018
2015,8,2,1.6576505079889285,Assault,0.044463,37.637304
2022,11,22,1.0804475257745476,Murder,0.054856,37.648049
2013,1,12,0.8601333064354724,Assault,0.051398,37.646569
2021,1,22,1.754742607835538,Robbery,0.060294,37.645302
2020,11,1,1.5495700786538755,Kidnapping,0.046773,37.63822
2016,4,6,1.4551030787302643,Murder,0.046581,37.63906
2015,4,11,2.080044079512559,Assault,0.055331,37.635902
2016,2,17,1.2934088681474616,Murder,0.057298,37.655071
2021,1,14,0.9135646417693043,Theft,0.04476,37.644002
2015,10,25,1.5383408590656689,Murder,0.058137,37.64539
2021,8,25,1.0102686690339906,Robbery,0.046235,37.643046
2023,1,2,1.787877985686428,Fraud,0.051873,37.63716
2017,8,5,1.7225684688940845,Assault,0.045344,37.636657
2013,4,16,2.3724111134985795,Assault,0.059552,37.635608
2018,5,20,1.313028314638393,Burglary,0.055861,37.645569
2018,2,6,1.3567222014116083,Murder,0.055427,37.644335
2022,8,9,1.2918106532938942,Drug-related,0.056235,37.64655
2017,8,4,1.7345610364851727,Robbery,0.060815,37.647039
2014,4,19,0.38503855185631386,Robbery,0.046871,37.655463
2016,3,30,1.667788878820353,Kidnapping,0.053628,37.639202
2022,10,2,0.11072222919275043,Kidnapping,0.045293,37.651399
2015,9,10,2.0952300960600976,Fraud,0.057531,37.637194
2023,6,25,0.18124569546240193,Robbery,0.044418,37.652596
2022,9,11,1.5418580136060072,Murder,0.059702,37.654607
2023,9,21,0.7518296468710889,Theft,0.051993,37.648956
2016,11,6,1.495675391016367,Drug-related,0.059507,37.651778
2014,1,6,1.4118532140765823,Drug-related,0.058639,37.653811
2013,2,14,0.5298724066567309,Assault,0.050597,37.650826
2016,7,22,1.4990770261666855,Fraud,0.056664,37.643822
2018,4,2,1.76974617477076,Burglary,0.045145,37.636242
2014,11,14,0.61075841740545,Fraud,0.050658,37.655043
2021,8,26,1.4749139923388963,Murder,0.059276,37.653236
2020,2,19,1.6273145956649664,Kidnapping,0.060651,37.650904
2013,7,7,1.6931913474263958,Theft,0.061287,37.651552
2018,7,2,1.3895361502792802,Kidnapping,0.058508,37.653155
2021,7,5,1.6432241930543232,Burglary,0.053134,37.639177
2023,4,30,0.2584168124756016,Theft,0.047711,37.653683
2021,11,3,1.438712885149729,Robbery,0.058508,37.648611
2023,2,28,1.206015318173114,Kidnapping,0.046185,37.641286
2018,4,16,0.6257786744429854,Murder,0.050604,37.64887
2022,7,21,0.7815640724276756,Drug-related,0.047526,37.645266
2018,9,3,1.6754875010342614,Assault,0.046594,37.637079
2015,11,13,1.1091203109605776,Theft,0.041818,37.643055
2015,10,28,1.459728926470723,Robbery,0.052177,37.640537
2024,3,23,1.3284740281118086,Robbery,0.057996,37.651842
2021,7,9,0.42543026838052983,Fraud,0.046781,37.648379
2019,6,26,2.1664143617785605,Theft,0.056935,37.63598
2021,2,18,0.47889469634061754,Robbery,0.042774,37.655005
2013,10,18,1.4465159035724733,Theft,0.05126,37.640227
2020,2,26,1.7713521515242605,Assault,0.047367,37.636265
2015,1,10,2.2193250774753297,Kidnapping,0.059732,37.637592
2019,1,7,1.1477758129375748,Burglary,0.04724,37.641883
2023,11,27,0.41461596481823204,Theft,0.042551,37.650622
2016,7,13,0.3681673619015877,Murder,0.044332,37.654989
2017,7,17,1.0159878448902822,Fraud,0.04985,37.643838
2014,11,11,1.7328139940243914,Robbery,0.042293,37.63699
2023,2,14,1.7781613325066015,Drug-related,0.052974,37.637732
2013,5,10,1.7231303725193339,Robbery,0.060163,37.645694
2023,10,6,1.822590361631026,Robbery,0.054625,37.638175
2016,1,3,1.838061623152909,Drug-related,0.049031,37.635886
2013,9,11,2.0003501077996457,Robbery,0.058949,37.639585
2023,1,5,0.34737458730078713,Drug-related,0.043256,37.650572
2020,12,10,0.861921647169552,Murder,0.053752,37.652772
2023,2,7,1.0478171390980378,Assault,0.046582,37.642724
2022,7,31,1.9373246112777442,Assault,0.053081,37.636206
2018,9,13,0.7950274870358414,Murder,0.04753,37.645143
2023,8,27,2.230028470388572,Theft,0.058477,37.636391
2016,3,7,1.065311182698245,Robbery,0.054553,37.647742
2022,10,29,1.8376327983488954,Robbery,0.056735,37.639529
2014,10,26,1.430378053077638,Robbery,0.056078,37.644081
2013,11,21,2.3810421910947794,Kidnapping,0.061385,37.637168
2014,3,22,0.6430964966481535,Drug-related,0.051513,37.653913
2016,11,22,0.09221703096744548,Theft,0.046646,37.651613
2020,9,24,0.9836932080767361,Burglary,0.054866,37.651603
2015,3,27,0.7549396188635371,Kidnapping,0.052656,37.653561
2021,9,13,1.9279261117220992,Fraud,0.061396,37.644018
2017,3,26,1.4107508367013344,Assault,0.049438,37.639918
2020,9,11,0.8525662369662766,Drug-related,0.053286,37.65458
2013,6,24,1.8137890355336626,Theft,0.044316,37.635909
2020,10,15,0.96741585733836,Burglary,0.054721,37.651646
2013,12,28,1.8918376868785785,Assault,0.052768,37.636516
2023,12,19,1.2878657030281342,Robbery,0.043581,37.640798
2015,3,8,0.6944300051440373,Murder,0.046408,37.645894
2015,12,18,1.3382201437650199,Theft,0.058087,37.652026
2018,6,16,1.3850435318508985,Theft,0.054027,37.642579
2023,12,14,1.4338847042266558,Theft,0.054741,37.642617
2020,5,10,0.4342848492158223,Murder,0.043564,37.649046
2015,11,30,0.9589708332222108,Assault,0.042991,37.644033
2021,7,3,0.7688587435578951,Assault,0.052263,37.655087
2018,8,10,0.8930125642731582,Theft,0.047821,37.644306
2015,12,14,1.4605290037845173,Robbery,0.058942,37.654666
2022,12,12,1.1735977984274168,Drug-related,0.045671,37.64158
2019,3,11,1.8415029497702982,Burglary,0.060045,37.643252
2017,12,1,0.38941280241521026,Theft,0.043901,37.649298
2013,9,20,1.1807249140603435,Drug-related,0.056607,37.653203
2022,3,26,1.6136003519013147,Murder,0.058461,37.644599
2015,10,8,1.4834182787417836,Kidnapping,0.055509,37.642733
2014,11,13,0.20689625468640457,Kidnapping,0.046101,37.653973
2023,1,3,1.4496360052443216,Theft,0.042716,37.639507
2020,9,21,1.5893474537126542,Kidnapping,0.060107,37.649459
2018,1,19,1.563416916840855,Drug-related,0.060072,37.650915
2014,2,27,1.6115806685355143,Kidnapping,0.059824,37.647577
2016,1,21,1.7902415429330312,Burglary,0.045542,37.636042
2017,10,20,0.7944137447199919,Kidnapping,0.052609,37.654881
2021,8,24,0.1582991468539315,Kidnapping,0.045192,37.650934
2017,9,15,1.439090722156186,Fraud,0.041893,37.639846
2016,1,18,1.106303198360485,Burglary,0.045365,37.642199
2023,11,28,1.560673503254165,Drug-related,0.060039,37.653411
2016,3,27,1.431841553142506,Theft,0.058474,37.64872
2022,5,15,2.1521575384718608,Kidnapping,0.056525,37.635865
2016,2,6,1.494797466333233,Robbery,0.048612,37.638946
2016,9,8,1.5915597413234888,Robbery,0.05976,37.647972
2024,3,20,1.4366331566195636,Murder,0.056164,37.644098
2022,11,8,0.46434346542509963,Drug-related,0.049377,37.654577
2017,5,29,0.8782586745086116,Robbery,0.053745,37.6538
2020,8,22,2.0189834021344,Burglary,0.057921,37.638393
2022,1,26,1.9550395781012977,Drug-related,0.057541,37.638826
2015,5,5,1.6762903933776832,Burglary,0.06085,37.655073
2017,4,21,0.40656348256716884,Kidnapping,0.043119,37.64983
2020,12,19,0.6122240893701051,Murder,0.051119,37.654177
2021,11,30,1.5683712260414095,Kidnapping,0.056588,37.64276
2013,12,9,0.2419742047530672,Drug-related,0.047722,37.650796
2018,12,7,0.6827018641067046,Theft,0.046613,37.646017
2022,11,14,0.31113286892244724,Burglary,0.04358,37.653569
2019,7,29,1.7756141180124194,Murder,0.059938,37.644223
2023,11,7,1.410723040148527,Drug-related,0.053094,37.641595
2018,7,25,1.467899076582537,Fraud,0.059105,37.654128
2013,12,11,1.3707985164976144,Fraud,0.050726,37.64074
2022,4,20,0.4647684451477952,Kidnapping,0.049172,37.65484
2023,10,27,1.0345158099293839,Robbery,0.042124,37.643653
2019,4,15,1.2336133485123078,Fraud,0.056449,37.648275
2019,6,5,1.0155314474499495,Drug-related,0.051878,37.645121
2016,9,24,0.8504895476088677,Drug-related,0.048208,37.644804
2022,5,18,1.7101503601715182,Drug-related,0.05662,37.640964
2017,8,6,0.5604362387978213,Robbery,0.043759,37.647595
2020,7,26,1.0229757876074075,Robbery,0.055229,37.651751
2023,5,31,0.5427447349705554,Assault,0.047155,37.647383
2018,2,27,1.5875895162435196,Theft,0.051073,37.638782
2020,12,22,1.4461302496916857,Assault,0.050187,37.639816
2014,7,23,0.40480885632212765,Murder,0.042486,37.653188
2016,10,24,0.4895595958591637,Fraud,0.041609,37.651449
2013,3,30,1.9829596902766613,Assault,0.057834,37.638747
2023,11,17,0.7371866125662642,Burglary,0.049671,37.6466
2017,8,28,1.6117800486657665,Drug-related,0.051618,37.638764
2017,1,26,0.8586656078660145,Murder,0.053465,37.65419
2022,11,29,0.33603657827648553,Drug-related,0.043104,37.651157
2013,11,23,0.6618492118324633,Robbery,0.047511,37.646369
2017,11,14,0.565225312619216,Robbery,0.043871,37.647495
2018,8,12,1.366945215647629,Drug-related,0.053564,37.642417
2018,1,14,1.6816503052782281,Drug-related,0.050035,37.637557
2014,6,4,0.8126756591045537,Theft,0.04573,37.644822
2018,1,2,1.240887540818848,Assault,0.056765,37.64902
2021,12,8,0.34457016053149836,Assault,0.047423,37.654864
2017,6,6,1.4119848407447018,Drug-related,0.056837,37.645433
2021,4,11,1.4911515958929906,Theft,0.051615,37.639946
2017,5,16,1.5695005384003913,Burglary,0.057607,37.644024
2018,3,19,0.29197594449307857,Murder,0.046225,37.65473
2013,11,13,1.148794262924442,Murder,0.056253,37.65369
2017,7,6,0.8827716127049555,Theft,0.045729,37.644192
2016,6,21,1.1366411465069226,Kidnapping,0.044255,37.642053
2018,12,19,1.4322098061796122,Kidnapping,0.058936,37.652305
2023,5,12,1.3674073135201161,Assault,0.058157,37.649949
2016,11,21,1.4503065074796855,Murder,0.046323,37.639094
2020,7,20,0.38093397617920716,Theft,0.043776,37.649492
2020,2,17,0.6024289398477701,Kidnapping,0.044247,37.646989
2021,2,22,0.8898119103956361,Kidnapping,0.046413,37.644136
2013,5,17,1.2448778588836182,Theft,0.044396,37.641047
2021,1,17,0.36227676052435526,Theft,0.047946,37.654725
2017,9,8,1.495834429001917,Assault,0.058822,37.647879
2018,6,5,0.2612625298034174,Assault,0.047885,37.650723
