year,month,day,time,proximity_to_bank,type,latitude,longitude
2021,10,30,10:29,1.263447574872242,Drug-related,0.050834,37.641841
2016,3,15,02:10,0.22034329706256095,Kidnapping,0.044001,37.652304
2015,5,20,16:12,1.6510541274064519,Theft,0.060361,37.64811
2024,1,11,23:23,1.5831841802372635,Burglary,0.059951,37.648985
2020,5,14,19:07,1.2056823069366263,Murder,0.055393,37.646643
2022,9,22,01:02,0.27811464110461165,Burglary,0.044869,37.649879
2014,10,11,13:12,1.5554469146389198,Fraud,0.04481,37.638194
2015,4,14,23:21,1.45082514708153,Drug-related,0.041584,37.63984
2014,2,22,21:59,1.622435832744204,Murder,0.060644,37.652748
2018,5,19,13:45,0.6589969752228343,Fraud,0.050911,37.648786
2021,11,3,12:10,1.895934675064646,Kidnapping,0.060748,37.643456
2016,7,13,15:12,1.6973613989773737,Robbery,0.056575,37.64108
2017,3,19,11:50,1.6860838995592033,Theft,0.045781,37.636973
2024,3,29,05:04,0.8414050647159816,Murder,0.046404,37.644571
2024,4,6,13:58,1.6584237967400053,Drug-related,0.057839,37.642991
2016,7,25,23:59,0.4897949885326295,Fraud,0.044071,37.64815
2022,3,14,03:10,0.5864923060537088,Burglary,0.042991,37.647769
2018,12,19,04:32,1.7337145906903304,Burglary,0.045788,37.636545
2018,9,17,02:41,1.3143938247789289,Burglary,0.05721,37.648233
2014,11,22,23:24,0.713076406353954,Burglary,0.042369,37.646814
2023,2,13,19:12,0.7095698710588273,Theft,0.051702,37.655013
2015,3,12,07:23,1.5835933460114353,Robbery,0.060186,37.653959
2015,2,2,12:17,1.0188466286677504,Theft,0.043891,37.643205
2022,9,24,03:41,0.6720130631842742,Assault,0.051933,37.650879
2018,6,19,03:10,1.622282597414319,Burglary,0.046065,37.637545
2016,12,26,11:30,1.0966888168286324,Assault,0.045084,37.642307
2014,6,10,07:54,1.491705899480109,Murder,0.042238,37.639245
2016,8,22,18:54,1.6303966532083758,Assault,0.046235,37.637474
2017,2,13,02:59,1.1561565191631487,Theft,0.046486,37.641744
2021,3,20,11:01,1.5669618005696768,Robbery,0.050585,37.638804
2021,5,19,06:37,1.297840804013677,Murder,0.053179,37.642906
2018,10,11,06:57,1.896140071276167,Drug-related,0.060227,37.642631
2022,1,14,01:44,0.5594230242687562,Burglary,0.050832,37.653558
2014,11,26,02:54,2.1087112311464185,Fraud,0.061272,37.640793
2021,4,4,00:55,0.4368604005615954,Theft,0.047813,37.655597
2019,4,16,13:44,2.012499665464234,Assault,0.057059,37.637771
2019,5,10,14:23,1.7850775057751664,Fraud,0.053722,37.638044
2022,2,26,18:30,1.5518947684161726,Assault,0.059987,37.65307
2022,12,21,23:53,1.5271610640424955,Theft,0.048469,37.638623
2017,10,23,09:29,0.9122445424217133,Murder,0.054118,37.650743
2023,7,9,08:47,1.4203945621395901,Theft,0.042282,37.6399
2017,4,19,15:36,1.264744596547412,Kidnapping,0.056899,37.655517
2018,7,26,13:19,0.43975976347284007,Fraud,0.049169,37.654485
2013,9,7,06:06,0.6252387607637296,Fraud,0.045782,37.646505
2017,8,20,14:31,2.125563039177447,Kidnapping,0.060351,37.639431
2019,6,5,15:28,1.5990846217759713,Burglary,0.04614,37.637754
2015,12,24,00:34,1.125398200297991,Assault,0.056103,37.653211
2023,3,12,10:34,0.33359559071860867,Murder,0.044641,37.649435
2019,9,4,00:10,0.17092766086235095,Burglary,0.046516,37.65356
2015,8,30,07:40,1.5926097436384072,Robbery,0.044762,37.637863
2014,7,4,10:13,1.080924596028618,Theft,0.05149,37.644094
2017,9,12,17:44,1.263472621348766,Assault,0.051011,37.641925
2019,2,23,21:18,1.2009761233137377,Drug-related,0.052,37.643135
2015,8,12,03:48,0.6553048914190774,Murder,0.051895,37.652554
2017,6,16,03:08,0.26967978513205404,Burglary,0.048218,37.651144
2017,7,20,10:54,0.45083118611732603,Robbery,0.04892,37.654929
2015,5,1,08:35,1.4235958864746387,Drug-related,0.054874,37.642867
2014,11,14,22:16,2.149366620962952,Robbery,0.058712,37.637524
2016,6,12,08:42,1.0698335312769767,Burglary,0.055543,37.650627
2017,7,3,08:50,0.8986591367799616,Fraud,0.047643,37.644215
2015,2,16,05:00,1.5925257735714624,Murder,0.051535,37.638917
2019,12,26,01:40,1.2540372698153825,Murder,0.057326,37.652092
2013,4,27,00:47,1.52891190511141,Assault,0.050158,37.639024
2015,3,5,07:22,1.6301117919973902,Drug-related,0.058149,37.643845
2021,3,22,23:33,1.5774895528409245,Kidnapping,0.060073,37.649885
2023,4,3,19:40,1.036048820197842,Assault,0.05117,37.644366
2016,9,30,10:23,0.588072771839073,Burglary,0.046467,37.646857
2014,5,23,16:47,1.7300607534260124,Assault,0.06133,37.649084
2024,3,26,03:05,1.1352478198285885,Burglary,0.051506,37.64352
2016,7,4,00:27,1.6812976560772885,Kidnapping,0.058121,37.643019
2020,2,25,02:30,0.379794940186427,Assault,0.04937,37.65154
2022,8,1,12:11,0.4648078872777258,Theft,0.048722,37.648949
2023,11,26,02:34,1.2440331328369914,Robbery,0.057088,37.650314
2015,12,1,23:38,1.663116804608766,Drug-related,0.060047,37.646817
2018,8,22,07:53,0.7636325277414867,Drug-related,0.052542,37.649965
2013,1,27,08:45,0.9199860601848472,Assault,0.053184,37.647975
2023,12,26,05:05,0.53750320366817,Theft,0.044897,37.647412
2024,2,1,06:51,0.13828677456377844,Kidnapping,0.04576,37.650896
2013,9,22,08:13,0.3952168857059806,Fraud,0.047037,37.655511
2021,3,17,13:59,1.1273399214374025,Drug-related,0.050092,37.642849
2024,1,31,07:15,1.882740418819892,Assault,0.060889,37.64394
2017,3,25,07:29,1.413649988281315,Theft,0.047885,37.63956
2019,11,5,23:42,1.3693220298290898,Kidnapping,0.058343,37.652909
2018,8,14,12:26,1.3088893036054454,Murder,0.053487,37.643023
2018,11,24,02:29,0.4554690634087551,Robbery,0.050053,37.65276
2020,8,25,06:34,1.4406495688620773,Murder,0.056327,37.644247
2019,2,11,06:28,1.1202964640592719,Drug-related,0.0438,37.642291
2020,1,22,07:00,2.16142262848475,Burglary,0.059937,37.638519
2019,3,13,19:47,1.440666103493241,Drug-related,0.045772,37.639178
2018,3,21,21:27,0.8233427904909757,Fraud,0.044547,37.644861
2019,12,14,20:08,0.2804843555026979,Robbery,0.045597,37.649628
2014,5,1,06:04,2.0652892140463437,Murder,0.056813,37.637001
2020,4,6,05:29,2.220962433342831,Assault,0.060665,37.638501
2018,11,3,13:47,0.7986339804781446,Fraud,0.052633,37.649314
2017,2,13,13:31,1.9119070898582724,Robbery,0.055689,37.637903
2021,8,13,01:12,1.6684828471331605,Theft,0.061073,37.652303
2021,7,2,01:43,1.8607914733651358,Burglary,0.060493,37.643648
2014,9,22,22:08,1.4119683581961742,Murder,0.053903,37.642167
2022,8,12,23:15,0.8268092262272166,Murder,0.053342,37.653445
2014,12,1,07:57,1.1171832666899,Robbery,0.044501,37.642191
2016,12,10,09:20,0.8104312857451422,Theft,0.045296,37.64487
2020,1,6,02:34,1.112010400523149,Drug-related,0.046151,37.64213
2022,11,13,18:43,1.8241946363433919,Fraud,0.056192,37.639244
2015,1,20,15:35,1.1328332992997692,Kidnapping,0.055617,37.655585
2013,9,29,23:14,1.4573807434578065,Kidnapping,0.048583,37.639283
2016,12,7,09:20,0.49471736477614914,Burglary,0.047218,37.647846
2020,11,9,17:17,1.700371173885183,Drug-related,0.057211,37.641679
2013,9,14,14:04,1.468781066592639,Kidnapping,0.059239,37.651245
2021,8,29,23:20,0.23731540921851005,Kidnapping,0.04431,37.653451
2021,9,25,17:59,1.5997292027369283,Drug-related,0.047397,37.637816
2014,7,11,23:31,0.9830886568436399,Murder,0.054145,37.648612
2015,8,2,01:30,1.7634392820016753,Burglary,0.04697,37.636307
2020,6,14,13:26,1.6123687075401996,Drug-related,0.044406,37.637719
2019,3,30,06:44,0.20206732989530066,Assault,0.04419,37.651777
2023,8,11,01:14,1.2776483857168894,Robbery,0.057306,37.649822
2023,4,30,21:09,1.1404201768145361,Drug-related,0.052416,37.644109
2013,8,31,12:54,0.7869598884466354,Theft,0.045419,37.645071
2018,12,1,03:42,1.2748324058313447,Theft,0.053291,37.643259
2022,7,28,18:14,2.038795103040603,Burglary,0.060696,37.641077
2014,1,8,23:02,2.0151887469846197,Murder,0.054982,37.636375
2020,10,13,10:58,1.8461694128403765,Fraud,0.061373,37.645683
2022,6,5,01:30,1.588641768495783,Assault,0.058751,37.645571
2017,8,27,05:24,1.9780221515245808,Kidnapping,0.056901,37.638041
2020,3,28,20:15,2.083695095610402,Theft,0.060591,37.640291
2023,12,23,09:29,1.315194081989344,Robbery,0.057848,37.651264
2013,5,29,01:42,1.3346435005849537,Burglary,0.055538,37.64479
2016,2,1,13:06,1.0625436010380607,Kidnapping,0.054746,37.648197
2022,11,6,04:53,1.7876567115975306,Robbery,0.04449,37.636128
2014,2,23,04:17,1.839284530170613,Theft,0.059107,37.641964
2018,11,26,22:22,1.0342622124609309,Kidnapping,0.046862,37.642868
2022,2,5,00:03,1.4531054506578,Kidnapping,0.050483,37.639853
2019,9,7,17:18,1.8971139492727316,Robbery,0.050879,37.635784
2013,10,21,23:32,0.7290119298929193,Robbery,0.045423,37.645593
2014,6,23,13:01,1.2626587882734284,Burglary,0.055748,37.646235
2018,10,29,11:29,1.7010544973975512,Burglary,0.059707,37.64521
2013,12,16,19:25,0.6246420471297186,Murder,0.051626,37.652416
2018,6,28,14:32,0.42482458675350104,Fraud,0.049396,37.653874
2017,6,30,03:57,0.41159426068098853,Kidnapping,0.049539,37.651019
2015,5,1,20:56,1.1046088724000678,Fraud,0.047726,37.642347
2015,6,28,12:57,0.41768319039285173,Assault,0.04253,37.650601
2021,11,7,11:41,1.6804499311432395,Assault,0.061037,37.650035
2013,6,9,02:35,1.3871449868330528,Robbery,0.04646,37.639666
2021,7,10,11:24,0.48890329458385295,Kidnapping,0.042121,37.654253
2015,7,8,06:52,0.15932126047153444,Theft,0.046214,37.653531
2022,4,14,17:54,1.109609579873971,Robbery,0.049719,37.642866
2013,11,25,23:36,1.58095716287955,Burglary,0.054532,37.640733
2019,8,28,23:39,1.4309395556947186,Fraud,0.055464,37.643367
2023,2,1,02:03,0.13452911595180597,Burglary,0.045869,37.653321
2015,6,2,07:31,1.311291653355112,Kidnapping,0.04189,37.641063
2014,12,18,22:22,0.8962444998660221,Fraud,0.05408,37.652523
2018,12,20,02:35,1.770475517988804,Kidnapping,0.060381,37.645156
2021,3,27,05:33,0.676234777874119,Drug-related,0.051182,37.648916
2014,5,8,17:52,1.401537607180837,Kidnapping,0.055498,37.643798
2018,12,29,02:23,1.0057997034378021,Drug-related,0.054765,37.649757
2013,2,12,00:36,0.28757548778650877,Robbery,0.045764,37.654692
2014,5,15,19:31,0.9443055158471725,Robbery,0.049464,37.644371
2023,3,4,22:32,0.6730658582359571,Assault,0.042437,37.647205
2021,3,21,06:07,0.36505508263267145,Drug-related,0.046767,37.655304
2013,11,21,14:02,1.1230304511258271,Assault,0.056058,37.650829
2018,10,31,04:52,1.0947594306934536,Drug-related,0.048908,37.642722
2015,2,17,06:19,1.661727187567048,Theft,0.060753,37.649353
2019,8,26,23:19,1.354488888675883,Murder,0.05192,37.641474
2019,7,25,07:34,0.9861404292074802,Burglary,0.0445,37.643383
2023,11,12,04:46,1.1807530557025148,Kidnapping,0.056575,37.650757
2022,1,4,10:45,1.8174230843023684,Burglary,0.053517,37.637607
2022,6,2,03:25,0.6890982525825919,Robbery,0.052044,37.653566
2019,8,27,15:59,0.6932573807139243,Burglary,0.050739,37.648058
2020,3,30,19:24,1.821578483492022,Murder,0.05203,37.636896
2020,4,27,07:12,1.028323054930125,Kidnapping,0.044531,37.642994
2015,1,7,17:30,0.4773448643024579,Drug-related,0.049251,37.649314
2016,2,17,18:40,1.834387966340933,Fraud,0.047271,37.635689
2013,5,10,21:12,0.27469516106570585,Kidnapping,0.044256,37.650346
2013,4,26,18:22,0.8700264764169161,Kidnapping,0.051849,37.646907
2019,4,24,10:41,2.2622220436876805,Robbery,0.060193,37.637496
2020,2,17,19:37,0.28910168849007994,Murder,0.048421,37.653061
2018,8,18,20:24,1.143754744981504,Robbery,0.054566,37.646381
2018,6,21,04:46,1.2181786074725363,Murder,0.047599,37.641293
2024,1,22,13:22,0.5931516170925023,Theft,0.041794,37.655444
2020,12,7,23:45,0.18746486568304904,Theft,0.044354,37.652578
2021,5,22,23:11,1.1282759666991704,Murder,0.044397,37.642106
2018,10,18,17:39,1.804179959723384,Drug-related,0.043654,37.636077
2023,3,20,10:39,0.889776902624367,Kidnapping,0.053615,37.649579
2013,9,24,11:15,1.9103008727518775,Burglary,0.057587,37.639403
2018,6,1,05:18,0.25825983303605937,Fraud,0.044124,37.650716
2014,1,6,19:48,1.422192817491564,Assault,0.058807,37.651114
2019,11,7,03:41,1.8341587716775416,Assault,0.056171,37.639114
2019,5,28,16:17,2.121481645756732,Assault,0.061316,37.64066
2023,4,1,00:21,1.6515769003048115,Theft,0.060615,37.655107
2014,2,28,04:06,2.1719982133762588,Kidnapping,0.057888,37.636597
2018,10,24,00:25,1.8292241373422002,Theft,0.053974,37.637729
2020,3,5,17:46,0.25997752086133896,Kidnapping,0.048322,37.652373
2014,9,15,02:13,1.769436008842849,Burglary,0.059805,37.644105
2020,2,8,00:22,1.933262598842802,Theft,0.05324,37.636317
2018,8,11,05:56,1.0829251868517737,Murder,0.05554,37.654252
2024,2,2,18:40,1.529203351599285,Burglary,0.052269,37.639881
2013,10,19,05:53,0.23743282489633358,Theft,0.047568,37.653559
2013,7,27,21:03,0.9317373559020449,Kidnapping,0.051602,37.645879
2021,7,3,18:33,1.9253120943141382,Fraud,0.058743,37.640348
2013,6,10,06:32,0.7367626565274552,Murder,0.050333,37.647103
2014,1,8,13:19,0.5446752665874541,Murder,0.042173,37.649019
2018,6,11,16:07,1.8664538112516549,Fraud,0.059915,37.642649
2019,8,25,12:53,1.5083390135806958,Burglary,0.059541,37.650609
2014,9,5,20:25,0.7363112593190532,Murder,0.052584,37.653003
2013,2,19,19:16,0.3408567228771362,Burglary,0.04388,37.649881
2020,6,25,08:45,0.9952005641629436,Fraud,0.054627,37.654615
2015,8,5,02:45,0.6362520979545939,Theft,0.050906,37.65508
2017,4,19,05:14,1.0062023036700318,Kidnapping,0.052012,37.645346
2016,4,1,15:47,1.782707996905217,Drug-related,0.060921,37.646089
2018,12,20,03:36,0.37627974906288314,Murder,0.045721,37.655488
2023,11,23,20:43,1.5536701061902272,Fraud,0.056024,37.642353
2023,10,1,18:38,1.6442693716264682,Murder,0.047004,37.637382
2017,8,1,22:13,0.6243688961885945,Drug-related,0.042221,37.647937
2022,6,23,15:58,0.8199891062040253,Drug-related,0.045543,37.644765
2016,9,6,23:01,1.0919665552309434,Theft,0.055826,37.652935
2019,9,5,02:47,0.19302244860469467,Burglary,0.044432,37.65291
2023,3,12,11:58,1.62771739912005,Murder,0.057757,37.643339
2015,5,2,22:25,1.849896070152632,Kidnapping,0.060224,37.643394
2015,12,15,17:29,1.5329669709067357,Theft,0.057597,37.644595
2024,4,14,00:26,0.23478223017680175,Theft,0.046004,37.650009
2015,12,10,22:35,1.0279595667977035,Kidnapping,0.055015,37.649923
2014,12,8,05:47,1.30741456584089,Fraud,0.057601,37.65431
2019,10,17,05:58,1.6079847042461037,Drug-related,0.053884,37.63999
2021,10,3,12:29,1.1943300059031652,Robbery,0.055885,37.647828
2015,9,5,01:56,0.8882107073880736,Assault,0.045808,37.644141
2017,2,1,04:37,1.6027498791274677,Burglary,0.052332,37.639174
2017,2,23,16:41,1.6819379095672455,Robbery,0.048365,37.637195
2019,5,6,13:28,1.7293773915040191,Burglary,0.059974,37.645171
2021,7,11,23:19,1.666476220986685,Burglary,0.061056,37.652126
2013,8,4,03:04,0.2770558403824524,Kidnapping,0.044044,37.653692
2014,8,14,03:06,0.9217135050053048,Burglary,0.043518,37.644209
2021,10,20,15:48,1.3805358018760738,Robbery,0.054083,37.642679
2022,9,25,04:22,0.4835733434909301,Theft,0.04899,37.655274
2023,8,14,06:32,1.4980702104916765,Burglary,0.055965,37.643017
2015,7,12,15:14,0.4024761688553436,Kidnapping,0.045924,37.648503
2018,9,28,22:22,1.4456356121418337,Drug-related,0.059043,37.652756
2021,2,1,18:50,0.15596786271805668,Murder,0.04699,37.653101
2015,8,21,14:09,1.1675596848100611,Kidnapping,0.056075,37.649027
2019,8,31,23:27,0.5476804606272218,Theft,0.050225,37.649575
2020,8,31,06:49,1.7967169133919454,Drug-related,0.042149,37.636434
2019,9,9,13:04,0.5756215408405737,Fraud,0.048447,37.647562
2021,8,6,00:34,0.8254300906144675,Burglary,0.050346,37.6461
2017,11,10,00:50,0.9138897828152307,Drug-related,0.046086,37.643909
2016,7,29,09:55,1.0600015361996207,Kidnapping,0.055571,37.652052
2014,8,26,14:38,1.5305760361468101,Burglary,0.052231,37.639848
2019,2,26,22:23,1.7073074047013632,Theft,0.045486,37.636789
2021,6,30,01:44,1.0486348868191206,Burglary,0.054525,37.648022
2017,7,20,07:28,1.4531104545538513,Theft,0.058262,37.647462
2020,11,3,05:23,0.4161381830844076,Robbery,0.04883,37.649671
2019,9,14,01:45,1.574913278378913,Robbery,0.057759,37.644157
2013,2,20,08:06,1.9705565858907452,Robbery,0.058912,37.639933
2022,12,22,00:33,1.5236825227709403,Fraud,0.058529,37.646453
2024,1,12,20:24,0.9741074501726994,Fraud,0.053029,37.646863
2018,5,1,18:17,2.0923843279827743,Fraud,0.056964,37.636809
2015,3,21,06:23,1.6258723380155624,Fraud,0.054922,37.64052
2014,11,23,19:27,1.4838557998270774,Fraud,0.043369,37.639044
2015,7,20,07:55,1.8074794452903142,Theft,0.050946,37.636647
2017,5,2,06:29,1.6331799497345922,Fraud,0.05544,37.640847
2019,9,7,08:14,1.6793891462157726,Robbery,0.046731,37.63705
2022,8,29,04:35,1.1646737691519526,Drug-related,0.055042,37.646777
2022,7,19,12:15,1.762589394066505,Fraud,0.055031,37.639081
2020,12,2,20:19,0.15896048730198722,Assault,0.047421,37.652183
2013,6,9,18:41,1.6893453810980754,Fraud,0.06023,37.646633
2021,6,16,17:34,0.45477025732719195,Theft,0.047687,37.648399
2013,2,12,14:33,1.108391684671633,Kidnapping,0.049712,37.642875
2016,1,9,15:30,1.6959617857528249,Drug-related,0.048559,37.637099
2014,10,13,09:57,1.725973084437225,Drug-related,0.057917,37.642122
2019,2,18,20:08,1.8635310711443742,Murder,0.058456,37.640858
2016,10,8,03:55,0.29879745511912065,Murder,0.046135,37.649438
2023,12,31,21:06,0.464208755066405,Burglary,0.041922,37.651068
2016,8,23,03:32,1.5038665738859005,Murder,0.04487,37.638654
2020,8,17,13:38,1.079104711460091,Assault,0.044949,37.642479
2019,10,20,18:51,1.6261319388649969,Drug-related,0.043011,37.637812
2023,5,11,06:57,0.23759288829087372,Murder,0.046471,37.654197
2023,8,25,08:49,1.5623817131381175,Kidnapping,0.059956,37.650021
2018,12,24,08:04,1.1475463877618781,Assault,0.055565,37.648154
2021,8,9,21:38,2.050482708293619,Kidnapping,0.060198,37.640287
2022,5,25,16:42,1.6494551677323295,Assault,0.059755,37.64642
2014,4,11,04:47,1.617489600535056,Assault,0.058474,37.644553
2023,2,21,15:25,1.0565119492254427,Kidnapping,0.043191,37.643042
2016,11,8,21:58,0.4703917988134903,Murder,0.047795,37.648294
2018,9,18,02:46,0.11184947108319677,Fraud,0.046977,37.651922
2013,3,17,04:40,1.4325907458448879,Theft,0.058692,37.649608
2016,3,28,06:10,1.3708073113569796,Drug-related,0.052941,37.641925
2015,5,2,23:50,1.8694695328833089,Theft,0.055592,37.638299
2019,6,12,19:03,1.6375033335251297,Drug-related,0.060788,37.652536
2014,1,10,06:20,0.823484530644795,Murder,0.053271,37.650587
2022,9,4,02:33,2.096387744838892,Kidnapping,0.060224,37.639684
2019,4,23,04:12,1.9272785178569705,Robbery,0.060487,37.642514
2019,11,10,09:20,1.8817652328780008,Fraud,0.057206,37.639409
2019,12,24,01:45,1.3227977607453623,Drug-related,0.055145,37.644475
2015,10,1,13:29,1.553796821826187,Drug-related,0.05265,37.63983
2015,7,28,16:32,1.0992275857078022,Burglary,0.052456,37.644622
2020,3,27,17:09,1.8892902554382465,Drug-related,0.052622,37.636479
2016,8,21,03:47,0.7023474273816142,Burglary,0.04409,37.646096
2021,9,22,17:06,0.7737494059630461,Murder,0.051908,37.648417
2018,1,21,16:55,1.3220362827062373,Robbery,0.045636,37.640247
2013,11,4,04:04,1.0381609929974003,Murder,0.04383,37.643041
2019,11,5,09:10,1.2746554368772667,Robbery,0.054287,37.644174
2023,4,15,08:27,0.2223908646117478,Murder,0.047752,37.651164
2019,12,19,23:17,1.3812499297720646,Fraud,0.052376,37.641457
2023,10,23,06:43,1.094893264302778,Drug-related,0.054823,37.647683
2019,12,15,18:42,1.4262762250334746,Murder,0.056683,37.64496
2018,6,25,17:25,0.431085393277667,Theft,0.04784,37.648712
2018,2,2,22:36,0.7786964934250352,Robbery,0.052755,37.654044
2023,12,15,01:35,1.9257318831442718,Burglary,0.061343,37.643961
2018,11,7,04:05,1.3467732642563217,Drug-related,0.058121,37.651094
2014,10,16,00:17,1.2232202087483064,Kidnapping,0.043092,37.641512
2021,8,22,14:42,1.789636685205529,Drug-related,0.057532,37.640853
2022,10,9,23:27,1.1375903235108376,Assault,0.045628,37.641905
2020,11,7,21:07,1.9030554386218652,Kidnapping,0.056514,37.638595
2013,10,9,22:37,1.167702123621095,Robbery,0.056047,37.648934
2015,4,8,05:47,1.539414985968527,Theft,0.04576,37.638291
2015,8,1,10:43,1.5178654817211663,Theft,0.059377,37.655112
2013,1,30,01:55,0.6532970661156298,Fraud,0.050295,37.648104
2023,6,18,16:00,1.4767010688489002,Assault,0.056714,37.644219
2013,3,3,23:27,1.2635264379672178,Kidnapping,0.052434,37.642748
2015,3,27,09:44,2.007615870205605,Drug-related,0.058113,37.638697
2019,6,17,23:44,1.2468922359547987,Murder,0.057205,37.653237
2023,7,28,00:59,0.3867519519246791,Kidnapping,0.047609,37.655195
2021,10,3,18:36,0.36699846008757087,Fraud,0.04737,37.655114
2018,11,26,21:02,1.611682058768087,Drug-related,0.054224,37.640175
2014,8,8,08:11,0.8273240694418594,Kidnapping,0.053157,37.654235
2014,4,18,13:00,0.18060043961204209,Drug-related,0.046073,37.653738
2024,2,25,17:01,1.3246322612559607,Robbery,0.041663,37.64102
2023,5,1,17:09,1.0314091562322003,Murder,0.054897,37.654853
2021,3,22,14:15,1.2013797616127029,Drug-related,0.052117,37.643209
2015,2,7,10:13,0.6453014424841726,Assault,0.046793,37.646377
2017,10,20,18:45,1.0771734138523301,Kidnapping,0.055452,37.649837
2022,3,1,16:38,1.8239396132723342,Fraud,0.059022,37.64208
2021,4,13,02:01,1.3586732333325877,Burglary,0.0508,37.640889
2013,1,9,05:18,1.2240776867774625,Murder,0.056354,37.648267
2021,2,24,00:15,1.1296126588363566,Murder,0.055409,37.648201
2016,4,21,00:20,0.44547537329960657,Burglary,0.045252,37.648183
2018,11,18,17:09,0.8287110747904748,Kidnapping,0.046616,37.6447
2021,5,26,07:28,1.347208984691035,Burglary,0.044576,37.640097
2013,1,25,18:57,0.731593755157047,Assault,0.047945,37.645841
2023,7,23,00:22,0.17406867704562232,Fraud,0.046177,37.650566
2023,9,21,07:20,1.7961847859408486,Burglary,0.061361,37.646914
2020,2,17,01:50,0.41476485032710114,Murder,0.042419,37.650962
2018,9,27,15:37,0.6439772025077997,Assault,0.051016,37.649204
2014,8,14,03:20,0.9699297112664884,Murder,0.042484,37.644129
2013,12,10,11:40,1.5729658719646715,Burglary,0.059698,37.64836
2014,8,17,20:25,1.2887348615370076,Kidnapping,0.057613,37.651333
2021,1,19,06:24,1.5107249528463318,Drug-related,0.05937,37.649397
2022,1,18,23:04,1.2546047595508867,Kidnapping,0.056297,37.647417
2020,10,21,22:31,0.9853216680363023,Robbery,0.051261,37.644985
2019,11,16,00:51,2.4675521804771963,Murder,0.061296,37.635992
2016,8,5,01:46,0.6278197387332151,Murder,0.051543,37.650966
2017,7,16,04:34,1.0434865776819129,Murder,0.05423,37.647558
2017,3,9,00:41,0.33014310264910657,Theft,0.04661,37.649218
2014,8,4,17:08,1.3406177376438404,Theft,0.056693,37.64647
2022,3,7,17:32,1.9890013533626145,Assault,0.058655,37.639435
2022,1,5,10:23,0.692886381344549,Assault,0.05194,37.654055
2019,3,24,11:55,0.25882311886025283,Assault,0.046,37.654443
2023,10,18,22:52,1.0727593542901233,Fraud,0.055265,37.649308
2015,9,1,14:49,0.6957275606667319,Drug-related,0.044893,37.645963
2019,1,27,08:39,1.4165365301601487,Murder,0.057437,37.646415
2022,8,23,14:09,0.37627857347802424,Fraud,0.046374,37.655476
2016,5,8,23:22,2.0440105963784876,Drug-related,0.057158,37.63749
2020,5,9,08:19,1.5598319328552466,Murder,0.049253,37.638487
2019,5,6,01:02,1.3770124833763087,Burglary,0.051536,37.641045
2017,3,21,07:18,1.3457150057061655,Burglary,0.053279,37.642441
2014,1,28,15:15,1.402574243688669,Murder,0.058215,37.648776
2016,3,26,05:10,0.12481399720717654,Theft,0.045301,37.651226
2015,2,15,19:25,0.6274930276077446,Robbery,0.049527,37.647714
2023,12,23,05:58,1.907460439207832,Robbery,0.050634,37.635617
2019,7,24,05:55,1.7630350780836266,Robbery,0.049368,37.636641
2022,3,2,19:47,0.4984433816811788,Robbery,0.047174,37.647799
2017,4,8,09:48,0.4290472540249467,Burglary,0.048926,37.649604
2020,2,4,21:36,1.077392039546169,Burglary,0.044472,37.642557
2021,9,7,00:54,0.9142772980888082,Theft,0.054253,37.652193
2016,4,6,21:14,1.495954390965663,Assault,0.054772,37.6419
2013,12,24,12:58,0.47704086951634717,Fraud,0.042109,37.654
2016,8,22,14:30,0.8573657007363646,Burglary,0.053732,37.652437
2023,5,23,17:59,2.2291874698980525,Assault,0.06056,37.638283
2015,12,10,12:22,2.4527998630748007,Kidnapping,0.060905,37.635813
2022,7,11,08:05,1.7841760663040855,Theft,0.04288,37.63639
2017,2,9,02:00,1.8623594656904592,Robbery,0.050491,37.635998
2020,2,17,06:13,0.5409263174203257,Drug-related,0.044112,37.647629
2019,11,6,11:30,1.349544380617087,Robbery,0.052368,37.641785
2021,5,18,04:02,0.34002235492116806,Theft,0.04291,37.652087
2019,3,31,01:35,0.08328718423044873,Burglary,0.046685,37.652394
2022,6,17,20:08,1.2672528988784075,Assault,0.054227,37.644208
2021,7,23,12:38,0.37788670787584505,Robbery,0.048933,37.653835
2016,2,13,19:53,1.3534362755158031,Burglary,0.057121,37.647072
2022,6,24,12:45,1.5289387073354337,Robbery,0.054629,37.641398
2021,2,18,17:00,0.9494627443620278,Theft,0.054442,37.653594
2017,5,19,07:56,2.1040505202372817,Theft,0.055372,37.635677
2015,3,4,01:21,1.6940210953334172,Drug-related,0.061288,37.651399
2016,6,7,13:08,1.4504208394614424,Murder,0.050335,37.639826
2023,8,17,16:12,0.9472434065598689,Murder,0.051093,37.645287
2016,9,27,16:48,1.4179052223762898,Kidnapping,0.058808,37.652111
2014,3,11,15:23,0.5463033353465029,Burglary,0.047309,37.64739
2023,12,11,17:51,1.0498124548613508,Drug-related,0.042273,37.643438
2016,8,18,05:56,0.9485754769088781,Theft,0.044886,37.643667
2016,6,16,22:46,1.6594409680357936,Assault,0.045683,37.637214
2019,5,29,02:19,1.6665591480560615,Murder,0.059622,37.645743
2022,8,22,04:51,1.7943304388595203,Burglary,0.044228,37.636094
2021,7,22,20:20,1.19820261257855,Fraud,0.056821,37.652077
2019,6,14,16:16,0.36515660397995675,Murder,0.048292,37.649771
2022,2,14,02:03,1.6147168350297865,Robbery,0.050379,37.638285
2017,6,27,12:15,1.9047146910307802,Fraud,0.05669,37.638713
2018,3,20,09:32,1.048001542911211,Fraud,0.052356,37.645148
2015,6,3,13:45,2.028930933639241,Burglary,0.060853,37.641437
2015,8,16,03:11,0.5575909985202511,Theft,0.05016,37.649309
2018,5,26,19:53,0.9920061704215467,Robbery,0.054176,37.648483
2022,6,5,09:08,1.9318417267345194,Murder,0.06086,37.643016
2022,7,22,01:14,1.32807917018754,Theft,0.056664,37.646658
2020,12,25,01:05,0.6808264808591816,Assault,0.051219,37.655339
2015,1,20,13:31,1.7140212183425712,Robbery,0.058955,37.643686
2019,7,1,15:56,1.3290566815719256,Fraud,0.0456,37.640185
2014,11,21,03:32,1.5815683763636115,Burglary,0.046191,37.637912
2024,1,25,07:28,2.2819821847243573,Drug-related,0.060102,37.637165
2020,11,10,02:11,0.5716730839078271,Murder,0.044113,37.647331
2018,9,5,18:08,1.6473502235475082,Drug-related,0.060449,37.648572
2013,6,13,16:47,1.5273543677940906,Murder,0.059612,37.654361
2014,9,19,05:19,1.640968590194119,Murder,0.05448,37.640031
2019,12,19,00:25,2.334587165440312,Kidnapping,0.06037,37.636767
2013,7,22,16:14,0.9910072630867228,Kidnapping,0.054937,37.651692
2022,9,9,22:47,1.482324057015069,Burglary,0.059357,37.651176
2019,7,1,00:35,1.9571454541602007,Burglary,0.061482,37.643624
2021,4,29,18:20,1.6620526831607638,Burglary,0.06091,37.650348
2018,5,23,06:20,1.5403135479747847,Robbery,0.041629,37.638975
2022,11,3,19:01,0.29459371065908424,Assault,0.047047,37.649691
2020,1,3,05:21,0.3510461938299929,Murder,0.045419,37.649015
2013,7,24,16:51,0.5771631110356662,Assault,0.042175,37.648574
2018,7,1,05:01,0.35201739418423494,Kidnapping,0.046307,37.648972
2017,8,14,11:32,0.7734163488803136,Assault,0.052902,37.651087
2016,6,22,17:43,1.2432663226639349,Murder,0.057034,37.654187
2015,8,10,03:27,0.6095295613519062,Murder,0.042766,37.647673
2016,6,30,09:27,0.5854394822684857,Assault,0.051233,37.651423
2024,1,22,14:22,0.8405752568137899,Assault,0.041553,37.645983
2016,4,17,22:38,1.7438603892161328,Theft,0.0583,37.642332
2018,1,28,14:08,1.5261389381387924,Theft,0.043821,37.638578
2014,3,12,12:07,0.494626909241926,Drug-related,0.047006,37.647792
2024,4,9,06:22,1.493571627805285,Burglary,0.058997,37.648518
2016,3,12,05:09,2.068696557360611,Kidnapping,0.059608,37.639381
2024,2,29,16:48,0.44927553189491154,Fraud,0.042668,37.654449
2015,11,6,03:37,0.7841921503718948,Murder,0.047093,37.64516
2014,10,27,20:54,0.638509475982084,Burglary,0.051629,37.650906
2021,7,30,03:27,1.74727939861443,Drug-related,0.05801,37.641935
2019,5,10,15:31,1.4654745734124417,Robbery,0.045159,37.638979
2013,2,23,10:02,1.5770306349644354,Drug-related,0.058818,37.645937
2023,6,17,20:13,0.34290195761014536,Robbery,0.047729,37.649571
2020,7,29,05:10,0.9644218015451961,Kidnapping,0.047119,37.643528
2015,7,22,14:07,0.41099592214084957,Burglary,0.047521,37.648756
2013,3,25,02:55,1.361932590735374,Fraud,0.058153,37.654014
2014,4,4,16:04,0.053649165791692224,Kidnapping,0.045623,37.651797
2019,7,27,01:06,0.4665051162490617,Assault,0.048806,37.655234
2015,8,16,06:00,2.0058337437670137,Assault,0.059175,37.639748
2022,7,1,17:16,1.0833266504208148,Assault,0.049111,37.642895
2023,10,14,21:16,1.5561989057910022,Theft,0.049395,37.638555
2016,1,29,00:29,0.773543610258968,Fraud,0.052449,37.649461
2022,11,29,18:22,0.662178946683371,Assault,0.050919,37.655489
2023,2,17,04:15,1.2143542969613592,Burglary,0.047621,37.641331
2020,4,28,18:20,1.6723049622413702,Robbery,0.058624,37.643868
2021,9,6,09:03,0.06445721133782159,Murder,0.046565,37.652175
2019,12,31,14:29,2.2448326748853122,Kidnapping,0.060099,37.637623
2018,7,25,05:18,1.5745490404601348,Assault,0.042471,37.638411
2021,1,25,06:14,0.6644113560800459,Robbery,0.048069,37.64652
2021,6,20,10:10,0.43192631050716246,Burglary,0.04932,37.654138
2013,11,14,15:06,1.7003771970337438,Fraud,0.061119,37.64941
2014,8,28,20:56,0.8460324623972896,Theft,0.053614,37.652696
2015,6,10,17:37,0.6043043629111178,Robbery,0.041502,37.649013
2020,9,21,03:02,1.7143527817072233,Burglary,0.041667,37.637327
2014,12,20,20:05,1.5434813130662504,Burglary,0.052133,37.63967
2023,5,6,04:40,1.2658894392027977,Fraud,0.057297,37.653867
2015,10,23,11:07,1.463520268260543,Burglary,0.059058,37.650064
2015,4,23,23:26,0.8209767027773647,Kidnapping,0.04564,37.644751
2023,2,23,06:22,1.021125715771218,Murder,0.051388,37.644679
2018,1,5,22:00,1.7859079622062168,Assault,0.06123,37.64682
2024,3,26,16:10,1.322600120490567,Assault,0.042541,37.64074
2024,3,9,12:32,1.8554435826618105,Burglary,0.058922,37.641503
2021,5,26,21:54,0.3633324456460927,Drug-related,0.048685,37.650258
2017,7,13,13:17,0.46544116496646043,Drug-related,0.049406,37.649682
2017,2,22,02:29,1.1416594431294125,Assault,0.056282,37.652869
2013,1,29,17:00,0.3253157675389555,Burglary,0.043434,37.650662
2017,1,11,04:15,1.0799222574426433,Kidnapping,0.054902,37.648161
2013,1,30,16:00,0.8707273948302202,Assault,0.0416,37.645621
2019,9,8,02:00,1.5263266124246972,Burglary,0.05136,37.639489
2018,4,3,10:49,0.8274478581395127,Assault,0.053292,37.650515
2022,9,18,19:34,0.7473261589125315,Kidnapping,0.04636,37.645415
2023,12,29,08:03,1.2130942316880975,Assault,0.054638,37.645419
2016,10,25,13:31,1.7981413704779536,Fraud,0.053398,37.637741
2020,8,30,11:32,0.7120722284736559,Murder,0.045278,37.64576
2013,9,29,12:06,1.028463653096423,Assault,0.046792,37.642914
2017,6,12,05:25,1.1640100371687645,Fraud,0.041569,37.642626
2016,2,18,07:12,0.5221170319106205,Burglary,0.041711,37.654112
2020,5,12,06:49,0.15844097645011776,Assault,0.047309,37.651574
2021,4,23,10:17,1.5463037638883772,Kidnapping,0.052938,37.640066
2019,8,21,01:44,1.8295857782279112,Robbery,0.048542,37.63588
2019,7,20,05:58,0.9259638112259848,Kidnapping,0.047254,37.643896
2016,7,6,11:26,1.6260150077273958,Drug-related,0.058809,37.64497
2017,7,5,17:19,2.292754450374937,Burglary,0.060151,37.637078
2020,6,27,07:44,0.5304081774069053,Kidnapping,0.050662,37.653176
2020,7,31,18:16,1.134889942549625,Murder,0.044358,37.642052
2013,8,1,21:04,0.9720791351289961,Fraud,0.054615,37.650454
2015,5,25,12:03,1.1250119929796545,Fraud,0.054225,37.64619
2022,12,30,22:12,1.48500070044263,Murder,0.053948,37.641376
2022,9,17,06:55,1.449984498001018,Theft,0.0546,37.642298
2019,4,9,08:00,0.48081899163310793,Fraud,0.049871,37.65018
2017,5,23,18:32,0.43847231357295346,Drug-related,0.042914,37.649626
2014,9,11,13:19,1.1599150803917053,Kidnapping,0.044765,37.641769
2016,6,20,09:14,1.2866876718592046,Drug-related,0.051155,37.641763
2021,6,6,06:54,0.46873372318822326,Assault,0.05018,37.652723
2023,1,17,13:06,1.0066849665638815,Fraud,0.054738,37.654605
2013,5,18,07:33,2.3563294809583577,Assault,0.05947,37.635728
2014,2,17,15:02,1.1928693733201639,Murder,0.048768,37.641765
2022,3,5,13:12,1.4999153493802229,Drug-related,0.059489,37.653391
2020,3,5,09:13,1.7739719946547676,Drug-related,0.058856,37.642605
2018,8,24,18:13,0.8659022864189719,Kidnapping,0.049038,37.644955
2015,2,9,20:00,0.7339170206596907,Burglary,0.042805,37.646331
2022,8,26,11:47,1.6875253940240926,Robbery,0.057354,37.642005
2016,3,8,10:28,1.8571826550647792,Theft,0.060946,37.644536
2022,7,7,12:49,1.7681221403499057,Fraud,0.059078,37.643
2021,10,25,09:31,0.15534218454321683,Burglary,0.04613,37.65073
2013,10,23,17:21,1.240165033699349,Assault,0.054332,37.644677
2018,2,16,04:00,0.8608632404203819,Fraud,0.04343,37.644813
2020,7,19,10:01,1.8054471152647933,Murder,0.060706,37.645102
2015,6,24,13:12,0.48892049892259515,Robbery,0.042547,37.65488
2018,10,29,20:15,0.5404498030016082,Murder,0.050533,37.653896
2016,5,28,21:26,0.05522994549620161,Burglary,0.04576,37.652561
2013,10,28,22:31,1.6993761737116175,Kidnapping,0.043255,37.637095
2024,3,21,07:57,1.0097541646927495,Assault,0.052501,37.645763
2023,9,22,08:20,1.2798140809570402,Kidnapping,0.057544,37.652706
2016,4,24,14:54,1.5678907001998152,Drug-related,0.057415,37.643783
2016,11,13,06:45,1.8094131303182557,Kidnapping,0.061405,37.646678
2021,11,14,04:55,0.7560737167328823,Murder,0.051237,37.647769
2015,7,13,14:38,0.2864813883753641,Fraud,0.046651,37.654605
2018,12,14,07:01,1.0434465804031952,Assault,0.047455,37.642859
2023,6,9,10:03,0.877682931430678,Drug-related,0.041942,37.645333
2017,10,25,05:01,0.4702478379416286,Fraud,0.0444,37.648198
2016,11,18,19:44,1.1756283105858991,Kidnapping,0.052532,37.643797
2014,10,7,08:25,1.2093251286764424,Burglary,0.056921,37.652238
2020,8,15,20:36,1.7155722754645812,Kidnapping,0.048797,37.636962
2017,10,14,18:20,1.2389143989325904,Murder,0.050911,37.642122
2016,3,21,11:44,1.1870118546820905,Drug-related,0.056684,37.651247
2016,7,8,04:20,1.0907602358162325,Murder,0.042754,37.64286
2014,11,8,20:29,0.14883035752529888,Kidnapping,0.045726,37.650806
2013,10,7,23:02,0.8034374321756697,Murder,0.052517,37.648957
2023,1,1,09:53,0.8534244497957181,Kidnapping,0.05363,37.651066
2015,1,18,23:10,1.384803759991396,Kidnapping,0.058482,37.652929
2017,2,16,13:33,0.11502439678750583,Murder,0.046269,37.651124
2022,3,27,20:16,1.0518499694426238,Theft,0.054097,37.647183
2014,6,17,15:27,1.6976208858902173,Burglary,0.060323,37.646666
2020,12,30,01:40,0.27074413107852546,Kidnapping,0.046329,37.64971
2018,5,3,07:33,0.4934808261815307,Theft,0.041947,37.65023
2014,5,15,17:09,0.5967946718160811,Drug-related,0.045067,37.646835
2020,5,22,15:31,0.5074438034831882,Robbery,0.049063,37.655499
2022,1,21,13:36,1.822123032452487,Murder,0.047225,37.635796
2016,2,3,04:52,0.4233145641876131,Burglary,0.049701,37.653032
2018,10,3,00:56,0.17040950098637514,Assault,0.047089,37.653186
2020,3,26,23:58,0.5107862991331775,Theft,0.050402,37.650775
2022,9,17,20:00,0.947352577810329,Theft,0.046497,37.643623
2018,3,14,23:59,1.1547843518849379,Assault,0.048966,37.642176
2019,3,17,05:11,1.131687011114697,Drug-related,0.041575,37.642944
2023,1,10,09:00,1.2052793182361623,Assault,0.053202,37.644004
2024,2,29,15:23,1.053262332427668,Drug-related,0.053168,37.645904
2019,5,1,17:04,0.15378398246836708,Fraud,0.046021,37.650737
2020,11,14,21:13,2.395875039719218,Fraud,0.061229,37.636823
2021,1,3,09:25,0.8546884401672598,Drug-related,0.053579,37.650687
2015,5,3,17:46,0.4415523793636234,Burglary,0.042537,37.654119
2018,2,18,00:11,0.43580520051487937,Assault,0.045653,37.648217
2021,5,14,19:45,1.7756430187672643,Murder,0.043087,37.636429
2018,2,2,11:14,1.0095147823124722,Robbery,0.051472,37.64487
2020,1,27,13:57,1.8892347557951106,Fraud,0.058,37.640052
2014,6,21,02:40,1.131879815869987,Kidnapping,0.044813,37.642017
2024,2,9,06:23,1.591307244230483,Fraud,0.05883,37.645672
2021,11,19,00:16,1.473716638288902,Kidnapping,0.058927,37.65528
2022,8,25,01:21,0.5996011046396269,Theft,0.043986,37.647111
2018,3,9,00:19,1.3000277587826155,Theft,0.047412,37.640526
2018,6,16,09:15,0.11120622562616651,Robbery,0.045087,37.652568
2022,3,4,12:05,1.1417000827114248,Drug-related,0.050165,37.64274
2015,9,7,12:26,2.008349319959089,Drug-related,0.05881,37.639343
2013,7,29,22:02,0.32214721744627667,Burglary,0.047368,37.649571
2019,9,26,16:21,1.579144852903815,Burglary,0.052954,37.639736
2023,4,30,04:59,1.2077194230114228,Assault,0.042258,37.64192
2019,6,11,08:56,1.6814787740808317,Kidnapping,0.061054,37.65009
2020,3,27,19:55,1.473708165072761,Drug-related,0.059271,37.651072
2022,9,28,18:11,0.888240415581947,Assault,0.053965,37.653032
2020,8,26,09:25,0.6814233812136087,Fraud,0.051163,37.648799
2019,11,17,23:19,0.618433981183628,Robbery,0.048818,37.647328
2023,12,2,13:42,1.4811547069094197,Assault,0.053651,37.641207
2016,8,27,03:14,1.149452822353218,Kidnapping,0.056237,37.653826
2013,8,29,07:40,1.134811174980746,Kidnapping,0.051516,37.643531
2020,5,4,10:24,1.2222981157961137,Drug-related,0.045284,37.64116
2020,8,23,18:02,1.4342207986077136,Burglary,0.051215,37.640328
2014,3,10,07:24,0.7122206779417951,Robbery,0.052426,37.652109
2020,1,19,05:55,0.7941617329480699,Kidnapping,0.052747,37.654522
2023,1,17,10:55,2.0916061546097935,Kidnapping,0.055632,37.635956
2017,4,2,10:20,0.9026705278101633,Fraud,0.053956,37.650368
2014,5,26,05:16,0.5229180395763335,Kidnapping,0.04234,37.655111
2016,4,26,14:02,1.0522013793994003,Fraud,0.044896,37.642728
2021,1,1,23:13,2.0541971625619198,Robbery,0.059743,37.639718
2014,6,15,05:29,1.0374616138531763,Kidnapping,0.055356,37.651659
2014,5,31,04:42,2.018568032379272,Burglary,0.061282,37.642222
2023,12,12,09:56,0.5500485307629854,Assault,0.050958,37.652002
2020,5,26,22:44,0.8725407174665443,Murder,0.053665,37.653918
2016,5,25,08:26,1.4488941610851154,Fraud,0.057859,37.646614
2020,4,6,11:31,1.070408561500947,Drug-related,0.041685,37.643503
2014,6,13,22:39,1.623878493633105,Theft,0.052452,37.639021
2021,9,30,17:08,1.2651099381576663,Drug-related,0.057411,37.652703
2023,12,2,00:45,0.8293506934098482,Theft,0.052277,37.648063
2019,4,28,17:05,1.8719029464917332,Murder,0.05038,37.635879
2017,4,24,21:01,0.2491368940853937,Kidnapping,0.044858,37.654056
2022,5,4,04:33,1.0534122925413099,Theft,0.055332,37.653947
2021,6,18,19:26,1.8550605554982118,Fraud,0.056404,37.639057
2018,7,21,13:39,2.1129874771112007,Murder,0.056723,37.636417
2023,8,23,04:47,1.749071477053482,Drug-related,0.048063,37.636542
2014,1,10,13:51,1.5214048793884427,Drug-related,0.049417,37.638883
2022,3,24,00:13,1.0246616505202175,Robbery,0.055163,37.653388
2013,4,9,08:19,2.219333937244022,Murder,0.058523,37.63655
2019,7,15,19:37,1.649913367943914,Theft,0.043364,37.637527
2016,6,5,17:52,1.698941649050855,Kidnapping,0.061092,37.649335
2015,12,29,18:43,0.26809184538081,Assault,0.046349,37.654499
2015,7,2,10:10,1.205125327389002,Assault,0.052875,37.64373
2023,9,3,02:36,0.5067984680089893,Drug-related,0.042565,37.655149
2022,9,18,02:02,0.8219164985386921,Drug-related,0.053168,37.654017
2015,6,22,22:23,1.7711056478253286,Burglary,0.059178,37.643096
2013,11,25,08:57,0.7426755689107485,Drug-related,0.044183,37.645691
2017,2,21,10:04,0.4220786705249544,Assault,0.043373,37.649353
2019,8,18,08:56,0.41897082028305016,Fraud,0.042412,37.653371
2016,3,7,02:05,0.6970175285532546,Drug-related,0.046119,37.645858
2024,3,26,06:13,1.6916246478666765,Theft,0.05443,37.639447
2023,11,21,20:53,0.984917746619743,Burglary,0.049345,37.643924
2020,10,27,19:03,1.8488534756680752,Murder,0.061425,37.645744
2017,4,16,12:38,2.0115814441708944,Fraud,0.059781,37.640339
2013,3,17,04:45,2.1904510696546655,Murder,0.058516,37.636878
2023,1,28,02:17,1.1642963393243004,Fraud,0.05042,37.642632
2021,7,25,20:11,0.9964248765381758,Burglary,0.045155,37.643205
2021,1,3,03:22,0.5750961017683018,Fraud,0.049096,37.647978
2015,2,9,07:17,1.1090238068618565,Burglary,0.055776,37.649958
2017,8,25,11:27,1.354687263889215,Murder,0.04521,37.639973
2016,4,15,02:49,1.4541199243960348,Drug-related,0.048015,37.639212
2014,1,2,15:18,1.354820428051421,Assault,0.042306,37.640509
2022,11,11,03:07,1.6676333461286972,Assault,0.061037,37.653054
2019,1,8,14:53,1.4122282663572963,Robbery,0.050733,37.640341
2018,4,1,12:15,1.8590348488226025,Fraud,0.054156,37.637523
2017,9,28,17:06,1.4047321316514085,Kidnapping,0.058477,37.649823
2022,5,22,22:56,1.6443709282450687,Theft,0.060856,37.652169
2023,12,27,12:34,1.806765370189453,Kidnapping,0.060096,37.643935
2018,10,11,01:11,1.0690254265062586,Drug-related,0.053927,37.646642
2018,1,23,23:40,1.004741064322708,Fraud,0.041728,37.644144
2022,7,19,18:15,1.7913884230971837,Robbery,0.050981,37.63681
2020,7,3,12:51,1.1865349239649845,Drug-related,0.048466,37.641748
2014,12,22,08:57,1.6559305083413471,Murder,0.059002,37.644763
2023,4,3,15:11,0.27876201088823166,Murder,0.04355,37.652767
2014,9,24,19:13,1.0868812019179013,Fraud,0.055814,37.652197
2022,1,2,04:22,1.5040352637180048,Drug-related,0.056526,37.643579
2019,9,7,09:22,2.2477616163532486,Theft,0.059013,37.636618
2015,5,13,06:12,0.6523885706349788,Fraud,0.051861,37.652645
2022,2,23,07:23,1.6298578974164701,Kidnapping,0.059108,37.645451
2022,5,23,03:13,0.9578582292732453,Drug-related,0.054544,37.650792
2017,3,17,19:45,1.7785563470561292,Robbery,0.058608,37.642216
2016,9,26,18:06,1.6928507250893419,Robbery,0.056209,37.640799
2023,8,29,19:37,2.3835727411622325,Assault,0.060841,37.636603
2020,7,5,02:23,0.36562051267428913,Theft,0.045206,37.65531
2017,1,25,14:40,0.7871826309326826,Fraud,0.048932,37.645681
2018,1,30,06:03,1.3715058028209313,Drug-related,0.055345,37.644034
2019,5,12,10:49,1.02817467606523,Robbery,0.048122,37.643129
2015,4,3,14:33,0.7329284952798958,Kidnapping,0.050221,37.647054
2019,4,27,04:59,0.3957435480203965,Murder,0.042606,37.650946
2017,6,26,03:08,1.3871601388909365,Drug-related,0.048139,37.639842
2014,2,11,20:02,1.192509771709257,Murder,0.044275,37.641541
2020,11,25,08:01,1.5179747726001684,Drug-related,0.052742,37.640248
2017,5,3,02:59,1.717103336200032,Murder,0.05368,37.63872
2014,2,11,20:12,1.4271032293506127,Murder,0.058828,37.653385
2019,7,4,16:51,0.7131952645303102,Fraud,0.049221,37.646576
2022,3,13,06:41,0.7940559398939875,Kidnapping,0.052413,37.655298
2014,9,22,01:05,0.6409856688444688,Burglary,0.047481,37.646555
2013,5,18,18:20,0.7928183070931122,Robbery,0.046522,37.645016
2013,12,20,08:37,1.8710787238775064,Kidnapping,0.055475,37.638202
2019,9,2,08:09,1.6823465612089723,Assault,0.060685,37.648221
2018,11,22,07:48,1.4165273057866328,Assault,0.051912,37.640837
2024,3,24,22:55,1.3902030903667213,Theft,0.058339,37.6498
2019,3,12,08:01,1.3217193701100745,Theft,0.057937,37.651955
2014,9,25,20:45,1.3816307847857625,Burglary,0.057857,37.648248
2021,3,27,15:51,1.248682806657753,Robbery,0.057236,37.65308
2020,4,25,10:31,0.6394105561977429,Drug-related,0.049251,37.647378
2023,5,6,14:27,0.6060699596383363,Robbery,0.041806,37.648595
2019,12,14,19:21,1.9596767307832303,Robbery,0.057494,37.638731
2016,4,29,22:53,1.071157600394015,Burglary,0.054237,37.647078
2015,1,1,20:36,0.9572763077874304,Assault,0.054589,37.65307
2016,8,19,00:07,1.361456295405323,Fraud,0.048423,37.64013
2017,8,26,19:31,0.718666933479617,Kidnapping,0.046238,37.645667
2013,10,20,19:58,1.1595821099168648,Murder,0.045324,37.641722
2021,4,21,04:38,1.175920904762672,Assault,0.056524,37.653531
2019,5,23,16:08,1.1293500110217576,Fraud,0.053477,37.645223
2024,1,11,02:29,0.4351172562721406,Murder,0.049617,37.650614
2016,11,12,03:23,1.052057838762327,Kidnapping,0.055024,37.655068
2016,6,7,15:21,1.9880227306857934,Assault,0.054735,37.636517
2023,6,3,08:00,1.035986284608238,Assault,0.054231,37.6477
2017,4,1,04:02,1.2341462872756435,Assault,0.05476,37.645267
2021,2,10,18:42,0.6023855844603455,Theft,0.051361,37.652993
2016,11,18,19:17,2.0146400631078802,Robbery,0.055025,37.636405
2021,1,27,08:50,0.5759176895233811,Murder,0.042256,37.648506
2018,12,24,16:09,1.336726882289602,Fraud,0.048304,37.640333
2014,5,2,23:11,0.8073088859028658,Fraud,0.042114,37.645969
2019,8,21,04:34,1.9897342517855052,Theft,0.059001,37.639776
2013,10,18,02:54,1.6939957211418974,Murder,0.057148,37.641696
2023,1,18,12:40,0.8179885149487472,Drug-related,0.052746,37.6551
2017,10,17,10:55,0.9893310477247783,Fraud,0.045831,37.643232
2016,10,10,13:46,1.3427446432285175,Kidnapping,0.056445,37.645991
2023,8,12,15:33,1.626487963622223,Fraud,0.060626,37.650711
2018,10,2,05:47,1.2948605932811492,Murder,0.057674,37.651418
2024,1,21,01:32,2.128087765966042,Fraud,0.060316,37.639358
2014,5,4,23:28,0.8525783047087941,Kidnapping,0.052742,37.648429
2019,10,11,05:27,1.0683892436900473,Kidnapping,0.05266,37.645179
2021,4,9,11:40,0.9052686438119655,Murder,0.042092,37.644964
2023,8,14,02:03,1.1696446211814815,Robbery,0.055412,37.647352
2015,7,27,03:29,2.035433315236077,Fraud,0.060981,37.641514
2017,10,14,08:08,0.14805912482968475,Burglary,0.046059,37.653446
2019,11,28,02:34,1.6840654539502211,Murder,0.050958,37.637819
2019,12,24,08:26,0.7516647322919847,Kidnapping,0.045225,37.645408
2016,12,1,18:12,0.49367552549303156,Fraud,0.043064,37.648764
2015,2,8,09:59,0.8663015858787184,Burglary,0.053733,37.650965
2022,5,10,22:22,0.37444148052027276,Kidnapping,0.047275,37.655228
2022,12,17,02:10,0.85931046942681,Murder,0.047691,37.644587
2020,11,5,13:37,1.2870216430412793,Theft,0.055766,37.645851
2016,9,26,09:36,1.7163267096472357,Kidnapping,0.061358,37.654248
2022,5,29,21:55,0.7175096543844429,Drug-related,0.045904,37.645673
2021,2,7,08:40,0.274527610919888,Burglary,0.048321,37.652953
2023,12,15,16:09,1.4005341169053043,Burglary,0.050953,37.640545
2020,12,14,04:33,0.5480421210112016,Assault,0.046386,37.647211
2013,5,2,03:28,1.409757600479923,Murder,0.058727,37.652547
2022,12,8,19:41,0.18505026286372722,Murder,0.044606,37.651176
2015,10,4,00:03,1.3029051559286522,Robbery,0.046452,37.640423
2013,4,21,20:01,0.20622071073375545,Fraud,0.044215,37.651534
2018,9,26,06:24,1.612665004969988,Kidnapping,0.059831,37.647567
2015,6,3,22:38,1.825487214497239,Burglary,0.05876,37.641731
2023,3,14,17:56,2.2846472122952233,Kidnapping,0.058986,37.636167
2022,6,27,20:10,0.5331301074930639,Murder,0.049454,37.648792
2023,10,31,11:48,1.6063141903304443,Fraud,0.060098,37.648698
2022,7,10,02:07,0.3900794123757432,Kidnapping,0.045313,37.655558
2023,8,13,13:25,0.06829007496376209,Burglary,0.045438,37.651833
2021,5,23,12:05,1.1549730306082184,Burglary,0.049371,37.642303
2016,9,20,19:24,1.4986488548907018,Burglary,0.043597,37.638866
2021,11,23,05:30,1.4995089050269779,Murder,0.056998,37.644258
2013,2,16,05:00,1.8454281652129845,Assault,0.048644,37.635752
2020,3,4,04:45,1.6123965574628742,Drug-related,0.049222,37.637995
2022,7,1,13:36,1.8216555195758828,Burglary,0.048522,37.635949
2019,12,20,15:57,0.7325964728626767,Assault,0.052438,37.650627
2013,4,3,11:07,0.48299145286039613,Burglary,0.043306,37.648691
2015,11,14,22:53,1.4705144587103636,Fraud,0.057241,37.645083
2015,1,29,04:27,0.9900246336734898,Robbery,0.054838,37.65079
2024,3,7,14:17,1.6655802273691234,Murder,0.04718,37.637203
2014,12,5,19:28,0.10579428055532863,Kidnapping,0.046566,37.651363
2016,9,25,11:31,1.0681981918152363,Kidnapping,0.055642,37.652371
2013,8,10,19:37,1.6637261974587354,Burglary,0.061014,37.651405
2018,6,26,18:11,1.796805384216788,Murder,0.060956,37.645842
2022,7,11,21:51,1.5787744575775446,Theft,0.0416,37.638621
2014,6,1,03:18,1.1646787271125447,Drug-related,0.054976,37.646668
2016,10,29,18:07,1.2569937869393562,Fraud,0.050187,37.641626
2014,9,11,06:28,1.190654484008194,Kidnapping,0.056484,37.654493
2015,6,27,13:10,1.3417871599109346,Theft,0.056777,37.646607
2022,3,18,15:02,2.2015297133438914,Burglary,0.058164,37.636473
2022,8,18,18:35,1.5161299548128289,Fraud,0.049532,37.638962
2020,12,26,10:11,1.24298791954115,Murder,0.052586,37.64308
2019,12,12,02:00,0.7721694277924651,Fraud,0.043403,37.645673
2016,3,4,05:31,1.893677010839486,Burglary,0.059063,37.641135
2013,3,28,11:04,1.406100005726003,Murder,0.049674,37.64003
2018,9,1,09:44,1.827820152271128,Fraud,0.055782,37.638893
2013,3,15,12:02,1.552890261640281,Assault,0.058515,37.645818
2023,3,31,19:28,0.7591338378336432,Kidnapping,0.05285,37.652179
2014,4,3,22:28,1.095183956603195,Assault,0.055537,37.649517
2021,3,21,07:06,1.5686073461873624,Burglary,0.052629,37.639668
2017,12,31,13:30,2.073916824418293,Drug-related,0.057479,37.637396
2017,10,27,10:42,0.9378549340877645,Kidnapping,0.054373,37.65087
2013,12,26,11:10,1.9900144203077261,Assault,0.058992,37.639763
2021,3,23,02:21,1.8681310739394414,Theft,0.054391,37.637561
2019,12,22,18:48,1.7798450409703415,Murder,0.044705,37.63618
2016,2,7,16:44,1.4522806165074122,Assault,0.058579,37.648416
2021,3,12,06:36,0.8412184974798561,Assault,0.053295,37.650025
2019,5,12,19:06,0.7589973290648957,Drug-related,0.052767,37.651067
2017,4,4,10:40,0.11287167891248923,Burglary,0.045165,37.652722
2023,10,14,10:10,0.1024312094712307,Robbery,0.045585,37.652948
2021,1,25,15:35,0.4355597628667404,Burglary,0.042157,37.653041
2022,9,5,15:26,1.2771821137513681,Robbery,0.05753,37.651769
2018,12,21,01:00,1.7211035530253074,Drug-related,0.055248,37.639693
2017,10,6,23:59,1.5387656792372224,Robbery,0.058889,37.646943
2022,12,29,14:00,1.3408225857795586,Assault,0.054534,37.643576
2014,4,16,03:31,1.7329307809019558,Murder,0.046677,37.636566
2018,7,10,16:25,0.47462078734835195,Murder,0.042715,37.65488
2019,10,6,13:24,1.5504751915974126,Burglary,0.047853,37.638314
2014,11,10,09:34,2.267419004507524,Drug-related,0.059488,37.636789
2015,4,14,18:43,1.2946687191482238,Robbery,0.04903,37.640888
2014,2,11,17:50,0.5925379567354478,Kidnapping,0.051305,37.65148
2013,5,4,21:34,2.0411615910690606,Fraud,0.056457,37.637018
2023,7,10,00:48,1.889351679484063,Theft,0.061237,37.644467
2016,7,5,18:50,0.3694417200573352,Murder,0.048642,37.65413
2013,12,8,21:49,1.6166850850511783,Murder,0.052583,37.639158
2016,1,12,07:33,1.6554379375891386,Robbery,0.055957,37.641026
2019,1,12,18:42,2.034252615590027,Burglary,0.055596,37.636536
2019,5,4,20:34,1.0779447585328252,Murder,0.053578,37.646045
2019,10,23,02:53,0.11171554125037464,Kidnapping,0.045278,37.652835
2022,12,19,04:24,0.48337170118349637,Burglary,0.049461,37.649485
2013,1,26,12:35,1.342883898810079,Kidnapping,0.044933,37.6401
2013,10,25,01:42,0.2135712835873849,Burglary,0.046214,37.650213
2014,9,22,17:58,0.3325351684618134,Burglary,0.048991,37.652032
2013,7,23,04:03,0.19298709611329345,Theft,0.046266,37.653829
2022,10,28,16:58,1.7981693994668562,Theft,0.052981,37.637536
2013,1,18,17:19,1.5805426682334882,Assault,0.047689,37.638021
2016,10,10,05:05,2.4338635181713064,Robbery,0.061458,37.636568
2013,3,24,18:22,0.3008260053933079,Drug-related,0.047344,37.649777
2016,10,28,06:26,1.4871945929587784,Murder,0.055974,37.643172
2015,6,29,01:25,1.3730869791936506,Kidnapping,0.042056,37.640417
2023,1,31,16:29,0.5855081550887895,Assault,0.051262,37.652552
2013,8,25,14:15,0.8289399573279064,Drug-related,0.053432,37.652973
2018,1,3,07:03,1.6829650527212945,Assault,0.050434,37.63766
2022,12,7,23:06,0.8081567098385536,Murder,0.045041,37.644919
2023,3,7,02:13,0.5076694346606261,Fraud,0.050282,37.653724
2017,7,19,01:26,0.7879428132520284,Fraud,0.05311,37.652011
2019,5,25,00:28,0.7497090994293119,Murder,0.05212,37.654985
2022,7,1,23:05,0.8086825653898025,Burglary,0.053084,37.650372
2019,8,5,09:35,1.7162592969211092,Kidnapping,0.050395,37.637336
2013,5,14,19:35,1.375180674163107,Drug-related,0.0584,37.652846
2017,4,4,21:34,0.8555502243011149,Fraud,0.053683,37.652891
2022,9,30,14:54,0.6262575200392869,Robbery,0.046301,37.646501
2017,3,28,14:01,0.7414935445752536,Murder,0.051671,37.648587
2013,4,21,22:12,0.9731403775875076,Theft,0.054309,37.64928
2014,8,17,17:52,1.1378919320521381,Fraud,0.053466,37.645099
2015,6,13,04:29,1.8192269833018493,Burglary,0.052364,37.637054
2019,2,27,17:16,1.5750340301234471,Theft,0.048569,37.638204
2017,9,30,00:45,0.11799918470551296,Burglary,0.046737,37.651366
2021,5,22,00:14,1.4429573505852793,Robbery,0.059031,37.651815
2014,10,19,08:34,1.1918841511688387,Kidnapping,0.049548,37.642013
2017,10,20,11:04,2.1979103223330725,Kidnapping,0.061496,37.639771
2020,7,18,06:02,0.9869315257797014,Fraud,0.050139,37.644271
2016,4,6,20:17,0.3063968772403835,Theft,0.044581,37.649745
2021,11,7,02:44,1.6807060024466647,Burglary,0.048904,37.637301
2021,3,2,10:47,0.3753409303205761,Robbery,0.045001,37.648891
2017,7,19,17:34,0.4226174713896814,Robbery,0.042525,37.653731
2019,4,1,17:11,0.6698709195499255,Murder,0.051335,37.654941
2013,1,24,01:47,1.4173847655874652,Robbery,0.057286,37.646109
2013,5,19,05:11,1.1713422953445694,Drug-related,0.041702,37.642494
2016,3,18,07:55,0.3944403919383662,Burglary,0.045937,37.648575
2015,10,17,10:51,1.3935942715245624,Theft,0.046779,37.639624
2017,7,7,04:20,1.0660294964572496,Theft,0.044664,37.642632
2013,8,12,10:19,1.8221596449135873,Theft,0.046142,37.63575
2016,6,27,00:17,1.7003339692268067,Kidnapping,0.054168,37.639186
2023,6,17,16:57,0.3931712206060919,Assault,0.049034,37.653935
2021,12,23,06:29,0.8336862321743078,Murder,0.052851,37.649024
2023,7,6,01:16,1.6816066361032627,Assault,0.050159,37.637592
2013,6,10,01:59,1.4150463130917492,Theft,0.043407,37.639667
2014,8,31,21:32,0.29668060472137003,Assault,0.047282,37.649785
2013,4,20,06:56,0.30391282742834036,Fraud,0.043907,37.653905
2015,4,22,13:41,1.694006308643751,Burglary,0.059186,37.644396
2023,3,20,22:16,1.2106516064462196,Murder,0.05679,37.650362
2023,6,14,06:04,1.2502303729018065,Theft,0.053473,37.643703
2023,12,30,00:28,2.2029866102707585,Fraud,0.060973,37.63908
2018,11,17,09:14,0.3530456447322839,Drug-related,0.049137,37.651613
2018,5,1,00:43,1.4171285576907349,Theft,0.049584,37.6399
2020,10,21,07:24,1.8990430036764245,Burglary,0.056991,37.639022
2022,1,6,01:15,1.7605525786625698,Murder,0.053441,37.638144
2015,2,12,21:10,0.2970926397970971,Murder,0.045383,37.649517
2018,3,31,10:29,0.4867336147642118,Fraud,0.04809,37.648278
2023,9,23,20:52,0.7928440822776731,Assault,0.052329,37.648799
2015,5,27,13:05,1.406312952413335,Fraud,0.058698,37.651758
2016,11,29,00:09,1.5222755926882088,Kidnapping,0.044731,37.6385
2013,9,24,03:11,1.9012698532390722,Fraud,0.060705,37.643291
2021,12,26,10:14,0.9934554212695583,Drug-related,0.054969,37.652033
2016,11,21,08:05,1.431547644639664,Theft,0.058913,37.652803
2015,4,12,01:06,1.3476967510153959,Assault,0.05734,37.647719
2018,12,11,09:58,1.5459470875506367,Theft,0.059902,37.653445
2022,2,12,22:55,0.2348717302378859,Drug-related,0.048108,37.652183
2017,3,8,23:54,1.5458772452821112,Fraud,0.055699,37.642131
2022,10,13,01:58,0.34293316458427203,Fraud,0.048778,37.650779
2022,7,12,05:19,1.3468275666067087,Theft,0.058088,37.653478
2014,11,13,04:46,0.9646193492521403,Kidnapping,0.047836,37.64365
2020,12,14,07:18,1.5919394822331945,Fraud,0.058011,37.644256
2017,9,13,18:45,1.061221606058608,Murder,0.04541,37.642602
2017,1,19,02:38,0.3180973890163202,Murder,0.044665,37.649579
2023,4,4,02:50,1.6822864314982078,Drug-related,0.05196,37.63822
2021,1,19,15:00,0.12627808402873944,Drug-related,0.045273,37.653005
2018,8,5,22:56,2.334590139247182,Assault,0.059076,37.635664
2021,7,25,21:24,2.0193335698526313,Robbery,0.060275,37.640823
2016,9,28,13:16,1.5202875720311926,Fraud,0.059636,37.650491
2022,10,18,19:38,0.16798543463922325,Robbery,0.04691,37.650921
2014,12,22,11:07,1.2017514070842743,Assault,0.052421,37.643419
2014,5,31,17:13,1.7142201622556554,Fraud,0.053864,37.638856
2014,10,22,18:41,1.6089293598408452,Murder,0.060526,37.651594
2015,11,10,13:12,1.3259210964317922,Burglary,0.052841,37.642346
2013,5,19,13:06,0.7495743297719483,Kidnapping,0.047627,37.645585
2017,12,26,05:33,0.9637226815602217,Murder,0.049783,37.644326
2021,6,21,07:08,1.8578069271227504,Kidnapping,0.055276,37.638213
2020,4,16,12:17,1.9936958510335705,Theft,0.057641,37.638454
2018,3,28,00:15,0.3695177802308221,Kidnapping,0.04439,37.649201
2018,11,25,22:15,1.8740433890730557,Murder,0.060256,37.643037
2020,7,7,13:06,1.2693690662246309,Drug-related,0.052007,37.64241
2016,7,14,21:16,1.4081587623310146,Kidnapping,0.058553,37.650077
2021,6,7,18:53,0.8941525890866255,Theft,0.053062,37.648232
2013,12,30,06:24,1.3143253052531565,Drug-related,0.057863,37.652558
2014,9,20,04:47,0.8021086326549621,Kidnapping,0.052294,37.648562
2013,9,23,17:25,0.3523834042602554,Drug-related,0.046268,37.648965
2020,9,10,22:43,1.0587845330806462,Kidnapping,0.054607,37.647981
2014,5,3,01:00,0.6027404657798241,Robbery,0.049259,37.647789
2016,12,16,18:17,1.0390997883231106,Kidnapping,0.047373,37.642886
2021,3,21,01:53,1.5317750072153298,Drug-related,0.044851,37.638404
2022,4,4,10:16,2.2460988315460586,Assault,0.059826,37.63735
2017,10,16,13:19,1.0991444661374243,Fraud,0.0559,37.651415
2016,12,16,03:47,1.261506394378652,Drug-related,0.051877,37.642414
2021,10,31,12:00,1.7161951234556638,Theft,0.043099,37.63697
2016,1,11,00:59,0.7134794261448074,Fraud,0.052342,37.653216
2019,3,12,08:33,0.7879367368996738,Drug-related,0.05244,37.64912
2022,11,9,06:54,2.177441532687095,Fraud,0.057219,37.636053
2018,8,27,00:17,0.33692042326039157,Murder,0.043293,37.653536
2015,5,21,10:00,1.5024580118126123,Murder,0.043604,37.63883
2017,5,24,02:51,1.5139846966647088,Theft,0.058358,37.646294
2020,2,4,11:33,1.2276299693527857,Assault,0.050461,37.642026
2018,4,7,06:46,1.7707779184069519,Fraud,0.059623,37.64378
2021,8,5,23:41,1.0366109848940885,Theft,0.04228,37.643564
2014,8,4,00:12,1.3307383811090217,Drug-related,0.049832,37.640791
2015,10,9,05:52,1.245629703300163,Theft,0.04282,37.641379
2021,1,12,23:45,2.0730502109716515,Robbery,0.057474,37.637402
2014,2,24,05:32,0.5420937326266907,Kidnapping,0.041696,37.649759
2020,9,22,07:37,1.0604653531035104,Drug-related,0.055051,37.655225
2019,4,17,03:23,0.9390113842391298,Theft,0.041592,37.644899
2014,3,29,19:35,1.151431398273845,Kidnapping,0.054854,37.646698
2019,7,4,01:14,1.2145838889867973,Drug-related,0.052107,37.643059
2020,6,28,02:46,1.2566527563392642,Theft,0.056907,37.648998
2020,12,19,00:52,1.1434716165905843,Robbery,0.054421,37.646177
2014,6,12,13:02,0.4512304748377337,Assault,0.042409,37.650165
2016,12,5,10:28,1.515583799152422,Burglary,0.059691,37.652017
2014,6,22,21:03,1.2312536815476522,Drug-related,0.055406,37.646222
2019,9,5,04:08,1.3799994313871222,Murder,0.058242,37.649784
2016,12,5,21:31,2.155697581354142,Burglary,0.059902,37.638557
2020,10,5,03:43,1.6933227892167304,Drug-related,0.057802,37.642443
2013,1,18,16:18,0.3049645741018173,Robbery,0.04352,37.650889
2013,7,27,15:19,1.6541911788465462,Kidnapping,0.043756,37.637424
2021,12,25,04:57,2.083986341512386,Drug-related,0.056249,37.636417
2021,8,7,00:31,2.2936418053982854,Burglary,0.059231,37.636262
2013,11,21,04:11,0.8500782223725782,Fraud,0.052441,37.647972
2018,6,16,00:53,1.3513423930287043,Burglary,0.058206,37.652092
2015,2,10,20:28,1.1597389548814636,Kidnapping,0.056074,37.649271
2019,1,24,13:35,1.4023286285875811,Robbery,0.050143,37.640217
2015,1,28,10:23,0.6868711488735204,Murder,0.049963,37.647379
2013,6,21,12:19,0.39919837615645587,Murder,0.048258,37.649332
2019,9,18,22:17,0.521430880341429,Burglary,0.049504,37.655236
2020,2,25,09:50,1.642204021072935,Burglary,0.053135,37.639188
2014,6,12,05:55,1.5520104052039205,Fraud,0.052544,37.639792
2018,5,6,16:00,2.0031824448131603,Burglary,0.058627,37.639229
2020,4,26,06:06,1.3752007347480604,Robbery,0.043747,37.639966
2021,10,22,15:12,0.9206497190263861,Assault,0.048123,37.644125
2013,2,5,15:18,0.640853296279273,Fraud,0.051618,37.650764
2015,11,27,09:09,0.7422888503078715,Drug-related,0.041859,37.646858
2018,11,29,18:30,1.4445076653030795,Kidnapping,0.059042,37.651706
2018,8,14,01:08,1.6221164833753352,Theft,0.041779,37.638158
2015,11,29,02:41,0.6880721755821049,Burglary,0.051515,37.649284
2015,5,23,16:16,2.1604446566546223,Burglary,0.060108,37.638707
2021,8,16,17:16,2.0611708225509124,Theft,0.057353,37.637444
2020,6,29,14:59,1.1056909687300007,Burglary,0.046289,37.64219
2022,5,10,21:03,1.6256782995494423,Theft,0.06058,37.650359
2013,8,29,10:05,0.3963958860937239,Robbery,0.042522,37.653039
2022,5,13,14:21,1.961734590196899,Robbery,0.058606,37.639733
2018,10,30,17:02,0.3280770740924198,Fraud,0.043186,37.65114
2021,2,26,08:11,0.6179371213630178,Burglary,0.045968,37.646567
2022,3,13,19:18,0.9925082749840669,Theft,0.044964,37.64326
2013,2,28,02:51,1.8739498396716645,Fraud,0.061089,37.644483
2020,4,14,03:49,1.969963730434468,Burglary,0.052943,37.635827
2022,8,12,17:39,1.6516853814975878,Fraud,0.048202,37.637445
2022,4,16,13:43,0.35162631822716905,Assault,0.049131,37.651658
2022,6,7,16:08,2.158361049215666,Burglary,0.056394,37.635716
2015,11,26,10:40,1.7692085407004463,Murder,0.049224,37.636554
2022,6,16,07:13,0.34183167180311047,Burglary,0.04423,37.64959
2015,12,5,11:45,1.178003631359157,Drug-related,0.04942,37.642101
2023,2,23,06:11,0.6753986980190213,Fraud,0.048357,37.646527
2014,3,13,08:22,1.3872375175027853,Murder,0.055525,37.644025
2014,3,4,20:16,0.5401159262138381,Assault,0.041607,37.649966
2013,10,8,16:23,2.1188664898017158,Theft,0.061334,37.640723
2015,3,1,09:58,1.0294288128240718,Assault,0.055004,37.649825
2021,1,3,18:42,0.697522596407263,Assault,0.049321,37.6468
2013,10,14,11:12,2.160942295110404,Drug-related,0.057038,37.636109
2019,3,13,11:20,1.5772821411046414,Kidnapping,0.060227,37.651325
2020,10,10,21:15,0.506994460153886,Drug-related,0.049369,37.649045
2019,12,7,15:09,0.36021958451344027,Assault,0.042825,37.652905
2022,5,20,21:34,1.70928084812185,Kidnapping,0.054124,37.639064
2020,5,15,05:14,1.3514058233783999,Burglary,0.053165,37.642294
2015,7,8,12:34,0.7492763885979511,Robbery,0.0492,37.646193
2017,3,21,22:28,1.6024739779961796,Theft,0.047967,37.637858
2016,1,4,03:01,0.2853682639862208,Robbery,0.043536,37.651309
2021,2,4,11:03,0.7022507325987482,Theft,0.046293,37.645817
2018,7,19,09:27,0.15661588123426476,Robbery,0.0446,37.652413
2014,3,23,05:51,1.9233564941673642,Theft,0.053087,37.636346
2022,3,24,04:41,1.5542067354855222,Kidnapping,0.059921,37.6503
2015,5,3,02:37,0.39254021128648764,Robbery,0.049512,37.651718
2014,6,24,16:04,1.582202163108991,Assault,0.050584,37.638659
2014,12,6,09:04,1.9188026215912055,Drug-related,0.059365,37.641142
2014,3,27,06:42,1.3394024304907335,Burglary,0.056889,37.646878
2013,9,21,19:12,1.598467756877164,Assault,0.052066,37.639091
2023,7,22,01:41,1.5949114348495934,Burglary,0.06031,37.650444
2016,2,16,20:16,1.2581944328205334,Burglary,0.041534,37.641716
2018,9,25,18:13,1.0217799787929478,Drug-related,0.053634,37.646968
2023,8,23,20:35,2.0196054054913546,Fraud,0.061423,37.642423
2023,7,25,12:22,1.549567297401869,Burglary,0.049663,37.638686
2021,4,28,11:37,1.79701802107325,Assault,0.052961,37.637538
2017,1,7,09:05,0.6655367569806073,Assault,0.043486,37.646679
2016,6,24,18:20,1.3928527500796013,Burglary,0.055039,37.643419
2017,3,25,04:49,0.6020595040091761,Theft,0.045418,37.646739
2023,4,2,20:41,1.1843484201215284,Assault,0.056691,37.6518
2016,6,16,21:30,1.691050906002311,Assault,0.060142,37.646372
